id,latitude,longitude,rating,order_count,total_trip
0,-7.358052999998935,112.78206399967232,3,43,132.2679999999949
1,-7.2357119999818345,112.76671499971107,4,140,1104.1799999999093
2,-7.231308999981219,112.73607099978844,0,153,893.6729999999352
3,-7.281886999988289,112.70121799987643,2,71,421.3139999999692
4,-7.296425999990321,112.67676099993818,3,122,735.7819999999459
5,-7.268235999986381,112.70004899987939,4,36,320.39999999997264
6,-7.28898099998928,112.75395599974328,0,196,1497.4399999998782
7,-7.273787999987157,112.71634999983823,1,22,46.573999999999714
8,-7.2680639999863565,112.74476799976648,0,169,1174.3809999999078
9,-7.313902999992764,112.72783199980924,4,162,443.71799999998683
10,-7.31180099999247,112.68715899991193,2,45,282.82499999997873
11,-7.365116999999922,112.76976899970336,2,54,210.97799999998867
12,-7.287827999989119,112.77969899967829,3,17,142.39199999998806
13,-7.293333999989889,112.7801319996772,2,75,201.22499999999437
14,-7.290914999989551,112.73003599980368,1,190,1256.4699999999034
15,-7.283102999988459,112.78314399966959,5,74,313.09399999998186
16,-7.32224399999393,112.65248499999947,3,170,1396.0399999998838
17,-7.325685999994411,112.76087299972582,4,183,518.2559999999833
18,-7.283800999988556,112.65639099998961,2,87,179.21999999999943
19,-7.243605999982938,112.76704699971023,3,186,1366.3559999998904
20,-7.322000999993896,112.6949359998923,4,138,714.8399999999517
21,-7.272871999987029,112.7779489996827,4,149,340.7629999999953
22,-7.254726999984492,112.76345199971931,5,58,448.6879999999634
23,-7.329136999994893,112.71532199984082,1,200,1224.199999999909
24,-7.251948999984104,112.77093499970042,0,82,284.8679999999867
25,-7.291293999989604,112.70951599985548,2,166,845.4379999999434
26,-7.340709999996511,112.66659699996384,3,26,53.27399999999986
27,-7.257506999984881,112.78360699966842,0,113,936.6569999999217
28,-7.2802329999880575,112.65975499998112,2,85,262.81999999998976
29,-7.330725999995115,112.7391359997807,0,9,88.64099999999222
30,-7.257507999984881,112.70030599987874,2,157,1333.7149999998878
31,-7.3235229999941085,112.72161599982493,0,77,272.348999999987
32,-7.331636999995243,112.6896269999057,0,131,796.7419999999411
33,-7.22938199998095,112.70208099987425,4,73,703.4279999999386
34,-7.344686999997067,112.68980099990526,3,31,122.57399999999333
35,-7.236151999981896,112.72196799982405,1,47,96.53799999999973
36,-7.3122189999925284,112.66776599996089,1,24,233.95199999997953
37,-7.34320799999686,112.66427199996971,2,60,482.3399999999601
38,-7.255330999984577,112.70528699986616,2,177,1657.6049999998563
39,-7.283886999988568,112.72956299980487,1,92,286.02799999998877
40,-7.309831999992195,112.6834089999214,2,166,577.015999999973
41,-7.312714999992598,112.68695899991243,1,108,881.3879999999267
42,-7.349064999997679,112.78283899967036,3,31,255.6569999999787
43,-7.253323999984296,112.78553699966355,1,188,1782.9919999998451
44,-7.365035999999911,112.78454299966606,4,40,267.11999999997937
45,-7.344378999997024,112.71176399984981,3,30,136.4999999999916
46,-7.239344999982342,112.76182299972342,3,48,110.68799999999838
47,-7.332745999995398,112.7665829997114,0,110,1036.96999999991
48,-7.339849999996391,112.69528499989141,5,146,963.0159999999261
49,-7.281048999988172,112.72391399981913,0,68,525.571999999957
50,-7.295075999990132,112.67016699995483,5,93,340.565999999983
51,-7.270942999986759,112.66805399996016,0,111,273.50399999999433
52,-7.328092999994747,112.74968799975406,3,70,161.7699999999976
53,-7.253717999984351,112.76457799971647,1,77,767.6129999999324
54,-7.360381999999261,112.6711679999523,2,18,152.92799999998712
55,-7.270711999986727,112.73056599980234,3,183,1537.0169999998711
56,-7.264435999985849,112.67745299993643,2,23,200.72099999998298
57,-7.312255999992534,112.70683099986226,0,96,885.4079999999237
58,-7.303771999991348,112.7215529998251,5,189,1311.4709999998972
59,-7.235051999981742,112.7789839996801,0,145,1414.0399999998763
60,-7.363003999999627,112.65301199999814,1,81,344.4929999999799
61,-7.320357999993666,112.68029099992927,4,170,1412.699999999882
62,-7.3379029999961185,112.77326299969454,4,139,959.377999999925
63,-7.2385379999822295,112.75189999974847,3,167,1503.3339999998711
64,-7.334689999995669,112.67895499993264,2,174,517.6499999999813
65,-7.227905999980743,112.77982899967796,4,132,941.9519999999253
66,-7.2529399999842425,112.73568499978941,5,126,951.8039999999229
67,-7.335602999995797,112.68775199991043,1,99,689.7329999999458
68,-7.269778999986596,112.71726899983591,4,178,784.0899999999527
69,-7.273866999987168,112.73340799979516,4,150,1075.3499999999146
70,-7.299582999990762,112.76964399970367,0,173,638.1969999999678
71,-7.311779999992467,112.76314699972008,1,38,312.32199999997397
72,-7.316489999993125,112.68592199991505,3,98,823.2979999999309
73,-7.321539999993831,112.73141599980019,4,18,139.73399999998858
74,-7.357038999998793,112.65322099999761,0,193,978.5099999999347
75,-7.273253999987082,112.67284799994806,5,112,922.207999999923
76,-7.330064999995023,112.75386499974351,5,53,133.61299999999696
77,-7.274360999987237,112.75431499974238,3,54,282.09599999998085
78,-7.26286899998563,112.72383599981933,5,37,98.12399999999734
79,-7.2955569999901995,112.71310899984641,5,197,396.16699999999975
80,-7.305982999991657,112.66598799996538,2,148,371.3319999999917
81,-7.3073899999918535,112.66907499995759,3,96,614.4959999999535
82,-7.256362999984721,112.77079499970077,4,149,1460.4979999998718
83,-7.2530609999842595,112.70032699987868,1,7,68.99199999999394
84,-7.2576449999849,112.72110599982622,0,138,918.2519999999292
85,-7.328913999994862,112.7645269997166,4,12,60.10799999999602
86,-7.283088999988457,112.72987699980408,4,83,771.4849999999334
87,-7.332176999995318,112.77254399969635,5,113,654.4959999999528
88,-7.259812999985203,112.73264499979709,4,98,775.1799999999362
89,-7.285005999988725,112.66998799995528,0,200,1558.9999999998724
90,-7.364900999999892,112.75591899973833,0,104,915.9279999999221
91,-7.301906999991087,112.78179899967299,4,51,158.40599999999378
92,-7.352822999998204,112.67543399994153,3,164,1297.5679999998931
93,-7.349231999997702,112.69502299989207,4,184,1573.1999999998675
94,-7.236294999981916,112.7245229998176,5,112,429.6319999999773
95,-7.272050999986914,112.66469199996865,4,79,206.0319999999947
96,-7.279809999987998,112.65307999999797,4,166,1008.4499999999256
97,-7.315294999992958,112.6963219998888,1,18,102.13199999999271
98,-7.298750999990646,112.72533699981554,0,16,91.8559999999934
99,-7.3499579999978035,112.7658309997133,3,134,628.1919999999603
100,-7.258881999985073,112.66542199996681,2,169,1078.8959999999183
101,-7.3520249999980924,112.7855159996636,1,154,554.8619999999728
102,-7.253397999984307,112.65519599999263,1,155,1238.9149999998976
103,-7.314932999992908,112.68013999992965,2,37,292.7439999999759
104,-7.332287999995334,112.67218999994972,0,31,132.27699999999228
105,-7.340075999996422,112.69638199988864,4,28,141.73599999999055
106,-7.338737999996235,112.7211149998262,4,81,699.1919999999409
107,-7.271980999986904,112.68655199991346,4,9,19.07999999999988
108,-7.232422999981375,112.76586799971321,5,147,806.2949999999435
109,-7.322581999993977,112.78228299967176,1,151,629.6699999999639
110,-7.243244999982887,112.7324799997975,1,190,1572.2499999998688
111,-7.236636999981964,112.69955099988064,5,105,950.3549999999185
112,-7.30400499999138,112.78187999967278,1,115,1050.1799999999096
113,-7.309054999992086,112.7545019997419,3,115,578.3349999999616
114,-7.2301179999810525,112.6886379999082,4,97,596.1619999999557
115,-7.227002999980617,112.76350799971917,4,184,1401.711999999886
116,-7.2869509999889965,112.65363899999656,0,88,865.2159999999241
117,-7.316422999993116,112.72731499981055,2,97,247.15599999999415
118,-7.316587999993139,112.73078499980178,3,25,148.8499999999891
119,-7.26865799998644,112.7018279998749,5,94,834.7199999999287
120,-7.304895999991505,112.67533299994179,1,158,474.47399999998254
121,-7.229620999980983,112.77630599968685,4,55,310.7499999999779
122,-7.253401999984307,112.73879599978156,4,160,522.3999999999777
123,-7.28761999998909,112.7341439997933,3,178,832.5059999999474
124,-7.227482999980684,112.75719399973511,0,46,163.06999999999218
125,-7.232588999981398,112.77414199969232,1,63,191.64599999999277
126,-7.3474179999974485,112.73711099978581,0,194,480.14999999998986
127,-7.3352989999957545,112.69120399990172,3,191,434.33399999999426
128,-7.342097999996705,112.74492699976608,0,162,447.44399999998643
129,-7.346114999997266,112.67821199993452,3,66,540.2759999999549
130,-7.271329999986813,112.72294099982159,1,146,1239.6859999998958
131,-7.233364999981506,112.71696199983668,0,37,278.60999999997745
132,-7.341841999996669,112.6994899998808,4,75,639.599999999946
133,-7.340898999996537,112.66813199995997,1,93,911.1209999999201
134,-7.332493999995362,112.6937459998953,2,32,261.3439999999783
135,-7.284036999988589,112.77996699967761,1,51,505.05299999995566
136,-7.319484999993544,112.75777499973364,2,158,1577.1559999998613
137,-7.311221999992389,112.77614799968725,3,104,280.279999999992
138,-7.267049999986215,112.75450099974191,3,190,741.5699999999601
139,-7.3106099999923035,112.69639499988861,4,182,606.0599999999733
140,-7.239716999982394,112.75931699972975,0,200,1755.5999999998505
141,-7.244971999983129,112.75337599974475,3,124,804.5119999999387
142,-7.349211999997699,112.7022229998739,1,162,1546.6139999998654
143,-7.274378999987239,112.75947099972936,5,35,304.81499999997413
144,-7.3064029999917155,112.65863899998394,2,77,510.8949999999607
145,-7.304834999991496,112.67362099994611,2,176,416.76799999999287
146,-7.34828699999757,112.72432699981809,2,105,419.3699999999769
147,-7.270256999986663,112.66691899996303,5,39,112.24199999999622
148,-7.227660999980709,112.7881719996569,2,24,148.12799999998896
149,-7.32067499999371,112.68460099991839,2,97,838.7589999999291
150,-7.3558599999986285,112.75008699975305,3,32,261.0559999999783
151,-7.3565399999987235,112.73772099978427,3,14,30.785999999999692
152,-7.285548999988801,112.70201299987443,1,126,384.04799999998545
153,-7.316503999993127,112.7759319996878,4,39,283.0619999999774
154,-7.263048999985656,112.7217109998247,2,69,284.4869999999839
155,-7.2848189999886985,112.78363199966836,0,92,522.2839999999627
156,-7.252022999984114,112.71583099983954,0,83,283.52799999998706
157,-7.320505999993687,112.65976499998109,1,113,729.3019999999445
158,-7.358215999998958,112.72378999981945,3,187,1711.2369999998527
159,-7.307592999991882,112.7653979997144,3,175,468.47499999998695
160,-7.357506999998859,112.72231599982317,2,29,117.73999999999342
161,-7.3579629999989224,112.66304299997282,4,189,830.8439999999501
162,-7.274130999987205,112.70473099986756,1,184,1619.1999999998623
163,-7.356311999998692,112.74323399977035,3,91,568.2949999999574
164,-7.237887999982139,112.78550099966364,0,11,47.97099999999713
165,-7.244109999983008,112.7720129996977,1,49,116.91399999999791
166,-7.270828999986743,112.6933489998963,2,168,1160.711999999909
167,-7.264702999985887,112.75908299973034,2,72,535.319999999957
168,-7.304613999991465,112.7637719997185,1,12,41.80799999999804
169,-7.274306999987229,112.73326899979551,3,68,674.8319999999406
170,-7.280757999988131,112.71617999983866,1,145,1290.93499999989
171,-7.2911429999895825,112.7393319997802,0,116,632.0839999999558
172,-7.29219699998973,112.70831399985852,0,47,466.897999999959
173,-7.350258999997846,112.77924799967943,3,17,82.78999999999462
174,-7.265116999985945,112.70770799986005,1,166,597.2679999999708
175,-7.325453999994378,112.77966499967837,3,36,236.9159999999818
176,-7.267993999986347,112.71816999983363,4,196,783.6079999999569
177,-7.336307999995896,112.75922799972997,5,136,1015.5119999999182
178,-7.237615999982101,112.70026799987883,5,165,1170.6749999999074
179,-7.2443399999830405,112.71662099983755,0,19,146.945999999988
180,-7.267224999986239,112.74126499977532,2,124,319.29999999999217
181,-7.284214999988614,112.69169999990046,1,111,1026.4169999999115
182,-7.33948899999634,112.70108799987676,5,48,442.7519999999618
183,-7.240003999982434,112.74558599976442,1,12,85.05599999999328
184,-7.30328999999128,112.7519289997484,0,199,1166.3389999999154
185,-7.27381099998716,112.75777799973363,1,190,680.0099999999669
186,-7.251246999984006,112.77316699969478,3,44,398.85999999996574
187,-7.242060999982722,112.7768399996855,0,197,954.4649999999382
188,-7.3078409999919165,112.6911319999019,3,169,929.6689999999347
189,-7.306205999991688,112.71035699985336,3,176,1163.1839999999106
190,-7.2465219999833455,112.68646099991369,5,23,46.82799999999991
191,-7.337335999996039,112.71459799984265,5,98,497.2519999999668
192,-7.286953999988997,112.77094399970039,3,174,1233.6599999999025
193,-7.278913999987873,112.73024199980316,3,103,704.8289999999452
194,-7.356905999998775,112.75655499973672,3,135,1118.2049999999067
195,-7.312987999992636,112.74847699975712,2,47,362.60499999997046
196,-7.281328999988211,112.68938299990631,0,178,1046.639999999924
197,-7.292994999989841,112.65823699998495,5,119,523.3619999999686
198,-7.350762999997916,112.71203199984913,0,45,169.6949999999912
199,-7.304453999991443,112.65652599998927,4,189,1003.2119999999311
200,-7.29119599998959,112.78074199967566,2,38,142.27199999999272
201,-7.320428999993676,112.73731899978529,5,131,432.5619999999812
202,-7.238225999982186,112.70373199987009,0,157,461.42299999998374
203,-7.266779999986177,112.65707399998789,5,174,511.211999999982
204,-7.290168999989446,112.67311699994738,2,70,373.4499999999743
205,-7.3322369999953265,112.75174299974887,5,143,1062.9189999999144
206,-7.2677629999863145,112.74482599976633,4,58,212.91799999998932
207,-7.340505999996482,112.67653599993875,4,38,365.4839999999681
208,-7.34771399999749,112.70532899986605,3,170,1311.719999999893
209,-7.332241999995327,112.74192599977366,3,78,727.2719999999371
210,-7.273248999987081,112.75049199975203,0,98,266.46199999999226
211,-7.315942999993049,112.76603499971279,2,191,944.4949999999379
212,-7.300914999990948,112.73714199978573,5,124,1173.4119999998982
213,-7.31473399999288,112.77686099968545,0,195,763.4249999999589
214,-7.232972999981452,112.69728399988637,0,121,1095.5339999999062
215,-7.244589999983075,112.76459199971643,3,58,385.52599999997034
216,-7.29670599999036,112.7419879997735,0,37,122.95099999999461
217,-7.313108999992653,112.75639199973713,2,91,595.9589999999544
218,-7.23532099998178,112.75104899975062,0,167,1374.0759999998854
219,-7.248577999983633,112.7613149997247,4,138,327.3359999999943
220,-7.306604999991744,112.67491799994283,3,68,295.59599999998244
221,-7.312021999992501,112.67709099993735,1,118,400.1379999999819
222,-7.283212999988474,112.68331799992163,5,27,263.11499999997693
223,-7.346968999997386,112.66695299996294,0,102,743.0699999999406
224,-7.330578999995095,112.70882899985722,0,45,206.0999999999872
225,-7.233654999981547,112.74866099975665,2,140,1219.6799999998966
226,-7.258013999984952,112.77666999968594,0,103,687.4219999999469
227,-7.320323999993661,112.72728099981063,1,91,257.80299999999164
228,-7.339033999996277,112.67167199995103,4,63,268.8209999999843
229,-7.350498999997879,112.77175699969834,4,82,345.46599999998
230,-7.228695999980854,112.70352299987061,5,130,580.8399999999647
231,-7.307407999991856,112.72160499982496,0,144,848.1599999999383
232,-7.303407999991297,112.78227299967179,4,198,1540.637999999874
233,-7.3609539999993405,112.7591769997301,5,76,467.3239999999652
234,-7.329851999994993,112.77498799969018,2,86,265.8259999999897
235,-7.2553359999845775,112.665742999966,5,130,1217.3199999998947
236,-7.3410289999965554,112.65351299999688,4,38,360.31599999996865
237,-7.250229999983864,112.66167999997626,0,106,505.83199999996765
238,-7.246811999983386,112.68037999992904,2,103,242.358999999996
239,-7.363070999999636,112.67161299995118,3,6,21.149999999998993
240,-7.32496299999431,112.6609129999782,1,127,360.1719999999883
241,-7.257399999984866,112.77399999969268,2,127,899.1599999999289
242,-7.3137859999927475,112.74173399977414,0,14,103.38999999999169
243,-7.361113999999363,112.7234099998204,0,63,336.4829999999768
244,-7.332433999995354,112.74125899977534,4,145,1267.5899999998924
245,-7.311070999992368,112.70127799987628,4,84,345.9119999999804
246,-7.24218899998274,112.69459899989315,5,182,602.2379999999738
247,-7.26465699998588,112.66398999997043,4,89,179.51299999999983
248,-7.302162999991123,112.65785699998591,2,177,1159.5269999999114
249,-7.322334999993942,112.68737499991138,2,79,706.4179999999396
250,-7.28883399998926,112.66146199997681,1,8,75.10399999999349
251,-7.251956999984105,112.71221399984867,3,52,362.49199999997154
252,-7.341659999996644,112.7571579997352,2,32,316.2879999999722
253,-7.257990999984949,112.74102699977593,3,125,1029.624999999914
254,-7.322987999994034,112.76124499972488,5,50,407.6499999999661
255,-7.252651999984202,112.69118099990177,1,96,595.9679999999555
256,-7.342597999996775,112.72338499982047,1,4,22.315999999998425
257,-7.2698809999866105,112.67629899993935,4,0,0.0
258,-7.262071999985519,112.76199499972299,5,32,171.42399999998815
259,-7.322666999993989,112.68928699990656,4,83,804.0209999999298
260,-7.330585999995096,112.68672299991303,3,1,9.797999999999142
261,-7.264597999985872,112.69978599988005,3,77,752.982999999934
262,-7.230630999981124,112.65872499998372,1,62,606.6079999999469
263,-7.242394999982769,112.70137999987602,2,175,1479.6249999998756
264,-7.28475499998869,112.76267999972126,3,103,714.098999999944
265,-7.364641999999856,112.6910149999022,3,184,368.55199999999996
266,-7.342171999996715,112.67463299994355,5,66,567.0719999999521
267,-7.297232999990434,112.7595739997291,1,22,219.07599999998075
268,-7.35579799999862,112.70699799986184,1,36,250.16399999998038
269,-7.2751959999873534,112.66924299995716,5,184,1080.9999999999216
270,-7.24755799998349,112.65639099998961,1,165,1514.5349999998696
271,-7.347765999997497,112.7545439997418,1,124,396.6759999999836
272,-7.251452999984035,112.72485099981677,1,53,310.1559999999775
273,-7.289183999989309,112.74663899976176,1,34,72.38599999999951
274,-7.346796999997362,112.662572999974,3,90,226.16999999999493
275,-7.248101999983566,112.75954799972916,0,82,715.2859999999393
276,-7.290537999989498,112.77599899968763,4,186,1249.5479999999034
277,-7.252308999984154,112.65492399999331,4,126,422.22599999998124
278,-7.231899999981302,112.78776399965793,2,153,766.0709999999494
279,-7.266032999986073,112.66654699996397,1,15,49.73999999999783
280,-7.363536999999702,112.7764479996865,3,100,665.5999999999487
281,-7.358851999999047,112.75791299973329,5,60,239.8799999999868
282,-7.330444999995076,112.66116799997755,1,64,267.7759999999846
283,-7.354638999998458,112.65578499999114,5,7,48.334999999996214
284,-7.317654999993288,112.717231999836,3,109,957.1289999999185
285,-7.319271999993514,112.78661099966084,0,90,495.2699999999653
286,-7.3429249999968205,112.7862269996618,0,180,980.0999999999316
287,-7.355756999998614,112.75914199973019,1,69,339.20399999997784
288,-7.339099999996286,112.70376599987,4,122,844.9719999999338
289,-7.35122199999798,112.68498199991743,0,49,295.1759999999783
290,-7.3228719999940175,112.74718399976038,1,119,798.4899999999383
291,-7.316862999993178,112.74170399977422,1,78,709.2539999999391
292,-7.309989999992217,112.74216599977305,5,111,689.0879999999486
293,-7.357357999998838,112.6540179999956,2,53,170.81899999999285
294,-7.350590999997892,112.6944179998936,5,163,1375.8829999998843
295,-7.26186599998549,112.75287499974601,1,110,348.8099999999858
296,-7.289882999989406,112.76981899970323,4,182,460.8239999999893
297,-7.266350999986117,112.77966599967837,3,185,1077.9949999999221
298,-7.301032999990965,112.72754199980997,5,147,1427.6639999998752
299,-7.339501999996342,112.65757699998662,4,55,213.01499999998865
300,-7.28025199998806,112.66197199997552,3,118,585.1619999999616
301,-7.3297689999949815,112.6640769999702,3,134,872.6079999999334
302,-7.311148999992379,112.7649979997154,0,144,954.5759999999266
303,-7.276435999987527,112.72270499982218,2,63,217.97999999998987
304,-7.300198999990848,112.7310569998011,1,50,438.19999999996276
305,-7.2749169999873144,112.73532299979033,0,2,12.625999999999049
306,-7.273621999987133,112.72941499980524,1,102,439.31399999997416
307,-7.357648999998879,112.65664999998896,5,49,175.81199999999143
308,-7.334849999995692,112.69496699989222,4,17,87.03999999999417
309,-7.3613399999993945,112.78782299965778,2,153,548.6579999999733
310,-7.3293319999949205,112.6572289999875,2,18,42.461999999999286
311,-7.2781009999877595,112.716042999839,4,72,421.12799999996946
312,-7.2494339999837525,112.75307499974551,4,195,806.1299999999542
313,-7.258832999985066,112.69831599988376,3,15,107.30999999999149
314,-7.285194999988751,112.68042199992894,4,112,1004.751999999914
315,-7.321328999993802,112.71222999984863,2,199,1539.2649999998744
316,-7.310134999992237,112.75928899972982,1,99,405.80099999997714
317,-7.264769999985896,112.74498199976594,4,15,83.75999999999408
318,-7.358053999998935,112.70364099987032,2,112,305.98399999999094
319,-7.288197999989171,112.72987899980407,2,164,879.8599999999392
320,-7.336399999995908,112.6528689999985,4,131,856.8709999999344
321,-7.2348109999817085,112.76016399972761,1,108,897.155999999925
322,-7.237002999982015,112.77109399970001,5,189,426.76199999999466
323,-7.33054199999509,112.65750999998679,3,30,286.4999999999751
324,-7.234505999981666,112.67773099993573,0,40,98.07999999999801
325,-7.278048999987752,112.78044999967639,0,183,1138.442999999915
326,-7.256434999984731,112.66019099998002,1,181,1148.8069999999134
327,-7.313502999992708,112.68118599992701,1,38,119.69999999999519
328,-7.250104999983846,112.77350299969393,4,50,370.8999999999702
329,-7.261845999985487,112.68020999992947,3,144,914.8319999999309
330,-7.341885999996675,112.74618199976291,1,40,165.3599999999906
331,-7.346300999997292,112.6815089999262,5,99,447.6779999999725
332,-7.343912999996959,112.68221599992441,1,117,780.03899999994
333,-7.31616799999308,112.77707699968491,0,117,308.1779999999918
334,-7.279385999987939,112.78752099965854,5,178,464.57999999998805
335,-7.334187999995599,112.76776799970841,1,44,392.6999999999664
336,-7.345130999997129,112.65657599998914,3,96,645.0239999999501
337,-7.2564379999847315,112.72602199981381,1,17,142.1029999999881
338,-7.236419999981933,112.65883999998343,3,121,477.3449999999741
339,-7.238347999982203,112.74870999975653,0,50,386.3999999999685
340,-7.241266999982611,112.66916699995735,2,65,264.02999999998525
341,-7.2735579999871245,112.74449499976717,5,71,484.7169999999623
342,-7.330078999995025,112.68851099990852,0,186,922.0019999999394
343,-7.291224999989594,112.7684469997067,0,191,529.6429999999838
344,-7.2615099999854404,112.73865299978192,1,136,1273.6399999998896
345,-7.346933999997381,112.74996599975336,5,102,485.519999999969
346,-7.294452999990045,112.79026099965162,4,197,852.2219999999495
347,-7.29090899998955,112.7048339998673,3,164,1522.4119999998686
348,-7.2733849999871,112.7671799997099,0,109,650.6209999999523
349,-7.304011999991381,112.7486409997567,3,146,767.3759999999477
350,-7.248595999983635,112.70544599986576,4,38,160.81599999999065
351,-7.268739999986451,112.65991299998072,2,6,58.16399999999492
352,-7.363361999999677,112.68635099991397,5,146,818.7679999999419
353,-7.278441999987807,112.77458999969119,2,50,281.49999999998
354,-7.282572999988385,112.78738899965887,5,143,571.5709999999685
355,-7.262430999985569,112.71896199983163,4,73,170.4549999999973
356,-7.250688999983928,112.77030399970201,2,98,212.16999999999823
357,-7.319334999993523,112.7121999998487,2,193,1233.4629999999067
358,-7.333747999995538,112.69109599990199,5,153,875.4659999999373
359,-7.3198839999936,112.65949299998178,1,148,931.51199999993
360,-7.279686999987981,112.68997699990481,0,106,416.1559999999775
361,-7.246701999983371,112.66355599997152,1,199,1487.52499999988
362,-7.313532999992712,112.78660099966086,2,166,895.569999999938
363,-7.330734999995117,112.78021999967697,1,4,35.17999999999701
364,-7.297743999990505,112.70545899986573,0,7,28.587999999998395
365,-7.237204999982043,112.67618899993963,1,131,540.7679999999693
366,-7.355931999998639,112.69900599988202,1,145,535.6299999999729
367,-7.332084999995305,112.67426499994448,4,20,125.43999999999059
368,-7.270320999986672,112.66234599997458,1,166,1323.3519999998907
369,-7.360146999999228,112.75030999975249,4,108,342.79199999998605
370,-7.33233299999534,112.69110699990196,1,49,465.0589999999596
371,-7.299830999990797,112.66085499997834,2,108,556.8479999999624
372,-7.313255999992673,112.7085589998579,4,110,920.259999999923
373,-7.286032999988868,112.67476599994322,2,42,181.48199999998926
374,-7.29184099998968,112.70980199985476,4,135,837.4049999999376
375,-7.296543999990337,112.66349899997167,1,48,142.17599999999493
376,-7.251270999984009,112.74730999976006,4,27,250.66799999997835
377,-7.305977999991656,112.75555399973925,5,69,341.61899999997763
378,-7.264392999985843,112.78958499965333,5,98,699.4259999999446
379,-7.33047299999508,112.6854689999162,2,200,427.199999999997
380,-7.3049149999915075,112.76455299971653,2,78,262.46999999998826
381,-7.341437999996613,112.6826969999232,3,200,687.7999999999683
382,-7.24927299998373,112.67351199994638,5,116,277.355999999995
383,-7.250582999983913,112.67165499995107,0,55,123.47499999999852
384,-7.320667999993709,112.73031899980296,5,63,385.11899999997144
385,-7.247858999983532,112.70223799987386,4,86,233.31799999999325
386,-7.349236999997703,112.71868399983234,1,48,377.23199999996905
387,-7.27896499998788,112.72351599982014,3,178,505.6979999999835
388,-7.319307999993519,112.66621399996481,3,17,47.70199999999849
389,-7.248361999983603,112.76544999971426,1,34,145.9959999999914
390,-7.267846999986326,112.65572799999129,0,127,1161.7959999999
391,-7.310715999992318,112.70172799987515,2,56,231.27999999998687
392,-7.342966999996826,112.72748199981012,5,140,555.2399999999697
393,-7.286225999988895,112.66007099998032,0,43,207.38899999998665
394,-7.304902999991506,112.72094399982663,1,47,342.8649999999726
395,-7.353786999998339,112.73147399980004,3,134,1103.891999999908
396,-7.307032999991804,112.78629299966164,2,173,1274.1449999998977
397,-7.294552999990059,112.73269199979697,2,107,852.6829999999296
398,-7.2537339999843535,112.67900299993252,1,127,1068.3239999999103
399,-7.304698999991477,112.67316699994726,1,116,426.7639999999785
400,-7.257657999984902,112.65421399999511,5,148,807.4879999999437
401,-7.34285199999681,112.69820999988403,2,158,773.4099999999497
402,-7.336966999995988,112.73007899980357,3,131,316.10299999999404
403,-7.355740999998612,112.7516099997492,4,11,99.30799999999148
404,-7.289250999989318,112.70006599987934,5,51,446.24999999996214
405,-7.351583999998031,112.76141799972444,4,55,158.56499999999465
406,-7.2629269999856385,112.73688899978637,5,21,60.54299999999796
407,-7.238923999982283,112.70454399986804,0,44,242.52799999998297
408,-7.227495999980686,112.69409299989442,5,138,491.9699999999762
409,-7.352965999998224,112.69956299988061,1,195,1659.83999999986
410,-7.301246999990995,112.73738499978512,2,121,267.04699999999724
411,-7.272085999986919,112.73705299978596,5,145,1104.0299999999104
412,-7.278597999987829,112.72988599980405,3,186,1170.683999999912
413,-7.25592899998466,112.67233099994937,5,183,397.10999999999655
414,-7.359741999999171,112.67345299994653,3,18,146.66399999998782
415,-7.241393999982629,112.6836859999207,4,166,392.5899999999933
416,-7.350177999997834,112.74707999976064,3,110,825.7699999999334
417,-7.292805999989815,112.7230559998213,3,68,333.0639999999783
418,-7.295215999990152,112.77524299968954,0,29,64.90199999999923
419,-7.269246999986522,112.66904699995766,4,100,483.49999999996885
420,-7.344302999997013,112.66577599996592,1,123,417.3389999999811
421,-7.292193999989729,112.65291999999837,2,4,24.94799999999813
422,-7.242798999982825,112.79008599965206,1,187,1790.898999999844
423,-7.268843999986466,112.66215999997505,0,142,1227.163999999896
424,-7.245874999983255,112.7492779997551,0,3,19.17599999999855
425,-7.362617999999573,112.76295799972056,3,190,1290.2899999999
426,-7.297428999990461,112.77636399968671,5,55,239.13999999998578
427,-7.310348999992267,112.77794599968271,0,21,83.70599999999541
428,-7.3242809999942144,112.72265499982231,3,22,211.22199999998156
429,-7.2357769999818435,112.78140599967398,2,114,1001.147999999915
430,-7.294587999990064,112.7031339998716,2,194,1116.8579999999197
431,-7.284164999988607,112.70643999986325,1,62,368.4659999999731
432,-7.327660999994687,112.77566199968848,4,143,936.2209999999285
433,-7.274892999987311,112.75854999973168,5,54,208.7099999999889
434,-7.227539999980692,112.77686099968545,3,20,148.17999999998807
435,-7.321982999993893,112.68447199991871,3,178,594.1639999999737
436,-7.342623999996778,112.6968719998874,5,130,1014.1299999999169
437,-7.248490999983621,112.69844199988344,3,95,333.8299999999842
438,-7.303023999991243,112.6587699999836,5,190,641.2499999999712
439,-7.327579999994676,112.74477099976647,0,77,678.9859999999421
440,-7.34306399999684,112.73423399979308,0,172,1293.0959999998954
441,-7.254898999984516,112.74352599976962,0,129,957.3089999999229
442,-7.283944999988576,112.70695999986194,2,200,1106.9999999999222
443,-7.238288999982195,112.68473599991805,3,199,979.079999999936
444,-7.253160999984273,112.77800299968257,3,21,146.70599999998848
445,-7.287270999989041,112.78978599965282,0,20,88.31999999999468
446,-7.253811999984364,112.65768299998635,5,91,663.298999999947
447,-7.315439999992979,112.72719499981085,3,44,294.71199999997725
448,-7.251927999984101,112.72124399982587,0,112,860.6079999999299
449,-7.285480999988791,112.73076499980183,1,151,374.0269999999921
450,-7.304540999991455,112.73519599979065,5,51,174.521999999992
451,-7.241641999982663,112.67862999993346,0,181,1425.9179999998828
452,-7.3082699999919765,112.76696099971045,5,121,514.85499999997
453,-7.315147999992938,112.68898099990733,0,126,1203.803999999895
454,-7.308175999991963,112.7686459997062,4,142,759.8419999999477
455,-7.275229999987358,112.70193599987462,3,47,319.55299999997516
456,-7.263376999985701,112.7195699998301,1,139,1000.2439999999204
457,-7.296339999990309,112.75571899973883,4,174,1533.1139999998695
458,-7.264499999985858,112.77571299968835,4,113,577.5429999999614
459,-7.297790999990512,112.66642899996427,5,108,308.33999999998986
460,-7.36109599999936,112.76107199972532,5,20,111.89999999999209
461,-7.335941999995844,112.73165499979959,2,96,832.1279999999294
462,-7.331805999995266,112.7345789997922,1,42,235.99799999998328
463,-7.289746999989387,112.73404799979355,4,138,448.36199999998104
464,-7.32982999999499,112.77035499970188,1,140,538.2999999999715
465,-7.319711999993576,112.68235699992405,3,116,919.4159999999243
466,-7.287468999989069,112.70520399986637,4,197,1185.5459999999127
467,-7.333425999995493,112.65607199999042,0,45,359.8649999999703
468,-7.23918699998232,112.69853199988322,2,80,176.3199999999982
469,-7.279758999987991,112.67688199993788,2,129,1087.9859999999085
470,-7.285069999988734,112.7046389998678,5,19,65.96799999999692
471,-7.348196999997557,112.74161699977444,5,136,513.9439999999734
472,-7.257004999984811,112.78218299967202,2,163,1533.992999999867
473,-7.234528999981669,112.67717899993713,1,71,425.85799999996874
474,-7.310071999992228,112.74872699975649,2,88,831.5119999999278
475,-7.25642999998473,112.67470599994337,1,32,291.6159999999749
476,-7.2920369999897074,112.75303399974561,5,179,855.7989999999451
477,-7.233363999981506,112.78644699966125,5,6,56.24399999999513
478,-7.312760999992604,112.70874999985742,5,188,928.5319999999392
479,-7.353751999998334,112.6575459999867,4,20,111.75999999999209
480,-7.3351839999957384,112.75399199974319,4,104,768.6639999999383
481,-7.259257999985126,112.76728499970963,0,165,1251.3599999998985
482,-7.328887999994858,112.7404029997775,3,176,971.6959999999317
483,-7.270982999986765,112.74585199976374,3,83,289.83599999998637
484,-7.232093999981329,112.74886899975613,0,121,717.4089999999476
485,-7.2892689999893205,112.71144099985062,1,164,802.7799999999478
486,-7.303165999991263,112.76479699971591,3,40,231.4399999999833
487,-7.326765999994562,112.7710989997,1,19,142.6329999999885
488,-7.364800999999878,112.65594499999074,1,92,364.41199999998014
489,-7.28719099998903,112.77642299968656,3,79,701.9939999999401
490,-7.323367999994087,112.76906099970515,3,119,1123.4789999999025
491,-7.285231999988756,112.71116399985132,4,55,452.9799999999622
492,-7.341687999996648,112.73555799978973,0,67,403.8759999999703
493,-7.328868999994856,112.72013199982868,4,192,1007.2319999999313
494,-7.328855999994854,112.6759589999402,0,72,619.9919999999477
495,-7.359396999999123,112.73799899978357,4,135,675.2699999999554
496,-7.230003999981037,112.7668629997107,1,171,365.0849999999975
497,-7.266824999986183,112.72918699980582,3,127,936.7519999999248
498,-7.251400999984027,112.77619599968713,0,12,84.61199999999333
499,-7.34986299999779,112.65366699999649,3,80,188.47999999999686
500,-7.306553999991737,112.69201699989966,4,26,144.6119999999898
501,-7.230750999981141,112.69072899990292,0,39,101.75099999999739
502,-7.320905999993743,112.65543099999203,4,157,768.2009999999499
503,-7.362692999999584,112.70766299986016,4,126,1194.2279999998964
504,-7.3191689999935,112.68009799992976,2,154,1283.5899999998926
505,-7.322609999993981,112.72999099980379,4,197,1164.072999999915
506,-7.324641999994265,112.69446299989349,4,8,78.20799999999315
507,-7.256445999984733,112.72217899982351,1,90,540.9899999999603
508,-7.338003999996133,112.71053299985292,4,3,12.52199999999928
509,-7.322411999993953,112.67893899993268,2,29,70.84699999999859
510,-7.304896999991505,112.68200399992494,2,168,726.2639999999572
511,-7.300797999990932,112.7084779998581,0,78,288.98999999998534
512,-7.277288999987646,112.65415399999526,2,146,905.1999999999325
513,-7.250783999983941,112.74431999976761,4,54,114.58799999999927
514,-7.293960999989976,112.702179999874,4,70,423.77999999996877
515,-7.253791999984362,112.69044699990363,3,19,66.36699999999688
516,-7.242656999982805,112.66331499997213,0,189,996.218999999932
517,-7.3277369999946975,112.7377499997842,3,107,397.5049999999798
518,-7.254430999984451,112.74893399975596,1,99,456.0929999999716
519,-7.28733599998905,112.66372899997108,0,81,596.4029999999522
520,-7.3577489999988925,112.7175469998352,3,96,348.1919999999828
521,-7.341523999996625,112.71115499985135,0,35,328.5099999999715
522,-7.319521999993549,112.73841199978253,0,139,1228.0649999998955
523,-7.3248179999942895,112.69434899989378,2,29,284.750999999975
524,-7.276971999987602,112.73955199977965,2,144,480.5279999999788
525,-7.284863999988705,112.70066899987782,3,111,329.1149999999882
526,-7.3193309999935225,112.72403899981882,4,84,178.49999999999883
527,-7.302495999991169,112.73350699979491,1,57,510.5489999999563
528,-7.32324799999407,112.67332899994685,5,191,604.1329999999755
529,-7.301488999991029,112.7845289996661,1,45,151.33499999999324
530,-7.33648399999592,112.7147369998423,4,95,265.3349999999917
531,-7.271775999986875,112.78903099965473,3,78,229.94399999999186
532,-7.335930999995843,112.75207199974804,4,193,426.33699999999556
533,-7.273401999987103,112.75408499974296,2,182,728.1819999999598
534,-7.261048999985376,112.73795099978369,0,81,636.4979999999478
535,-7.314204999992806,112.76815999970742,0,95,233.03499999999525
536,-7.297952999990534,112.65341199999713,1,63,220.4369999999896
537,-7.227210999980646,112.65236299999978,1,138,1342.6019999998825
538,-7.252680999984206,112.78479799966541,2,52,227.91599999998638
539,-7.2948349999900985,112.7300669998036,4,78,494.0519999999628
540,-7.3485699999976095,112.67858099993359,3,124,713.4959999999487
541,-7.274936999987317,112.66153599997662,0,109,707.300999999946
542,-7.307911999991926,112.74576599976396,1,160,957.2799999999299
543,-7.280808999988138,112.71142399985067,0,159,1161.4949999999071
544,-7.362181999999512,112.6829299999226,4,69,564.971999999953
545,-7.280485999988093,112.68228199992424,0,20,79.25999999999567
546,-7.344190999996997,112.6624149999744,4,96,250.65599999999353
547,-7.299273999990719,112.70000899987949,0,32,170.04799999998832
548,-7.238262999982191,112.68046899992882,0,10,71.24999999999434
549,-7.339465999996337,112.7606029997265,2,154,578.5779999999702
550,-7.234708999981694,112.76843399970673,4,6,15.35999999999963
551,-7.2703099999866705,112.77939699967905,4,129,664.7369999999552
552,-7.2936469999899325,112.77603399968754,4,31,63.673999999999815
553,-7.355091999998521,112.73560699978961,0,59,536.132999999954
554,-7.2992629999907175,112.73640999978758,5,154,1523.521999999866
555,-7.249795999983803,112.68964399990566,3,72,241.99199999998922
556,-7.2862639999889005,112.67590999994033,3,37,197.35799999998642
557,-7.318187999993363,112.73679499978661,4,142,1033.4759999999173
558,-7.317752999993302,112.73008099980356,2,47,203.9329999999879
559,-7.346450999997313,112.74928999975506,4,148,633.8839999999628
560,-7.359171999999091,112.66877799995834,5,165,1430.0549999998789
561,-7.355883999998632,112.65544799999199,2,33,289.9379999999753
562,-7.287909999989131,112.72054799982763,2,175,1743.5249999998466
563,-7.275912999987454,112.7300259998037,3,78,514.0199999999605
564,-7.2641649999858116,112.78400699966741,5,52,190.78799999999043
565,-7.278704999987844,112.78071399967573,3,103,535.0849999999638
566,-7.24554999998321,112.73951999977973,4,45,329.35499999997364
567,-7.30278499999121,112.70937899985583,2,111,942.1679999999207
568,-7.254293999984432,112.76371699971864,2,44,304.0399999999762
569,-7.233065999981465,112.72515099981601,0,45,223.33499999998534
570,-7.257948999984943,112.67458399994368,3,163,1241.2449999998992
571,-7.3386329999962205,112.69036599990383,0,99,588.653999999957
572,-7.31401799999278,112.66858499995882,2,107,811.4879999999342
573,-7.273962999987181,112.6755639999412,2,20,72.45999999999643
574,-7.276689999987562,112.69389199989493,5,41,256.57799999998076
575,-7.296391999990316,112.70430099986865,1,194,1751.0439999998498
576,-7.2286079999808415,112.78447199966624,3,187,588.8629999999763
577,-7.305170999991543,112.77426299969201,1,199,1658.0679999998613
578,-7.349472999997736,112.66934299995691,5,139,879.7309999999337
579,-7.351136999997968,112.74067499977681,0,59,131.03899999999857
580,-7.335006999995714,112.71713799983624,2,40,293.87999999997646
581,-7.328982999994872,112.77812899968225,5,125,441.3749999999789
582,-7.361088999999359,112.70140099987597,4,107,707.5909999999456
583,-7.302392999991155,112.67005499995511,2,99,930.0059999999193
584,-7.313496999992707,112.67157899995127,5,172,895.7759999999392
585,-7.267951999986341,112.7823079996717,4,183,1397.9369999998864
586,-7.253160999984273,112.69927599988134,1,58,226.31599999998784
587,-7.363153999999648,112.65771299998627,5,46,145.26799999999415
588,-7.300931999990951,112.73827299978288,4,64,261.11999999998534
589,-7.253226999984283,112.66730699996205,5,126,276.3179999999973
590,-7.342095999996705,112.65753799998672,1,80,653.9999999999457
591,-7.353852999998348,112.68998599990479,1,169,1250.5999999998994
592,-7.297513999990473,112.70035099987862,4,70,584.569999999951
593,-7.331594999995237,112.68615099991447,0,157,554.2099999999735
594,-7.232165999981339,112.67039299995426,3,57,473.2139999999605
595,-7.265316999985973,112.66792999996048,0,121,1035.2759999999125
596,-7.3350129999957145,112.74160399977447,3,178,693.8439999999628
597,-7.305857999991639,112.65718399998761,2,79,622.3619999999488
598,-7.329098999994888,112.75634699973725,2,13,86.89199999999329
599,-7.284136999988603,112.72406799981874,0,103,890.8469999999245
600,-7.273140999987066,112.71013999985391,5,26,185.95199999998525
601,-7.280872999988147,112.70399699986942,5,195,662.21999999997
602,-7.2769709999876016,112.67108599995251,5,43,312.4809999999751
603,-7.323666999994129,112.69258799989822,2,46,127.60399999999608
604,-7.262386999985563,112.72371099981964,1,93,289.5089999999886
605,-7.332347999995342,112.73722499978552,5,48,280.1759999999797
606,-7.34456499999705,112.71816999983363,4,28,257.62799999997776
607,-7.235101999981749,112.7571979997351,4,43,231.253999999984
608,-7.347555999997468,112.74537699976494,1,154,618.0019999999658
609,-7.3026969999911975,112.71289199984696,2,111,412.36499999997903
610,-7.354697999998466,112.66045499997935,3,121,426.8879999999796
611,-7.294441999990044,112.76910899970503,2,61,430.3549999999661
612,-7.3052869999915595,112.77456899969124,5,164,969.0759999999293
613,-7.255765999984638,112.65684099998848,0,173,984.3699999999297
614,-7.327526999994668,112.76474699971604,3,21,109.80899999999252
615,-7.263672999985743,112.790505999651,1,99,814.0769999999322
616,-7.289437999989344,112.68761499991078,1,191,1698.5629999998548
617,-7.293524999989915,112.65456399999422,1,60,176.15999999999383
618,-7.3429469999968235,112.75524799974002,3,69,290.0069999999833
619,-7.24033199998248,112.76366099971878,4,5,48.80499999999572
620,-7.352027999998093,112.73233499979787,2,103,451.345999999973
621,-7.3612469999993815,112.73502599979108,3,122,471.163999999975
622,-7.346704999997349,112.68742999991125,5,179,441.2349999999908
623,-7.34084499999653,112.71665499983746,0,37,346.50499999997
624,-7.228230999980789,112.69234599989883,4,20,175.73999999998506
625,-7.339266999996309,112.72573799981453,0,161,715.8059999999566
626,-7.318859999993457,112.76624299971226,1,57,163.30499999999458
627,-7.318531999993411,112.73226899979804,2,70,669.1999999999417
628,-7.305909999991647,112.6972729998864,5,165,1445.729999999877
629,-7.256224999984702,112.69028099990405,3,193,585.3689999999781
630,-7.2731499999870675,112.77022099970222,3,130,722.279999999949
631,-7.240035999982439,112.76070999972623,2,3,23.68199999999805
632,-7.317189999993223,112.69974399988016,1,88,832.7439999999277
633,-7.28704899998901,112.68660499991333,5,5,42.73999999999639
634,-7.2925809999897835,112.74329199977021,3,150,496.34999999997837
635,-7.2526389999842005,112.72316399982103,3,113,926.2609999999228
636,-7.269668999986581,112.7431359997706,5,170,560.3199999999757
637,-7.232951999981449,112.70529099986615,2,179,1785.1669999998428
638,-7.303904999991366,112.7807609996756,1,166,742.5179999999547
639,-7.291370999989614,112.67640899993907,2,13,65.29899999999567
640,-7.320972999993752,112.70291199987216,2,180,482.3999999999865
641,-7.276656999987558,112.6673669999619,0,143,881.4519999999344
642,-7.296785999990371,112.76693399971052,2,89,338.02199999998237
643,-7.2427089999828125,112.76976699970336,1,16,51.0879999999979
644,-7.231893999981301,112.73221899979816,2,120,1180.3199999998965
645,-7.333647999995524,112.65278499999872,3,171,348.1559999999993
646,-7.300914999990948,112.74696399976094,5,74,675.3979999999419
647,-7.301299999991002,112.67690599993782,4,40,137.47999999999368
648,-7.280508999988096,112.74906399975563,4,89,288.6269999999878
649,-7.250911999983959,112.68183199992538,5,127,816.2289999999381
650,-7.333991999995572,112.76506299971524,2,104,603.8239999999564
651,-7.309069999992088,112.68601099991483,2,63,581.1119999999498
652,-7.27295599998704,112.75282599974614,4,26,185.17199999998533
653,-7.2890109999892845,112.74802199975827,2,88,392.74399999997615
654,-7.272229999986939,112.72797199980889,1,73,661.5259999999433
655,-7.334350999995622,112.77999599967754,3,27,103.22099999999458
656,-7.344976999997107,112.78898699965484,0,187,1470.7549999998791
657,-7.28260899998839,112.71247499984801,4,132,294.8879999999966
658,-7.250568999983911,112.70189299987473,1,137,553.0689999999692
659,-7.232428999981376,112.74687499976116,2,184,867.375999999945
660,-7.355749999998613,112.7123989998482,4,194,604.5039999999761
661,-7.233111999981471,112.78408399966722,5,79,439.95099999996893
662,-7.263300999985691,112.68852299990849,5,32,252.25599999997928
663,-7.248940999983684,112.7352539997905,4,102,488.9879999999686
664,-7.288131999989162,112.77523399968956,1,186,709.2179999999629
665,-7.292833999989819,112.66313599997258,4,91,491.85499999996586
666,-7.30879699999205,112.70078899987752,0,60,479.57999999996036
667,-7.2981899999905675,112.7259059998141,2,96,844.7999999999281
668,-7.287041999989009,112.74936999975486,2,193,1744.5269999998504
669,-7.256234999984703,112.76667899971116,3,25,194.02499999998412
670,-7.288321999989188,112.69890299988228,4,58,130.38399999999842
671,-7.326360999994505,112.77823299968199,2,34,210.5959999999843
672,-7.318547999993413,112.69041499990371,1,46,130.1339999999958
673,-7.277153999987627,112.718023999834,3,68,445.94399999996585
674,-7.316802999993169,112.7505829997518,0,160,357.2799999999959
675,-7.360086999999219,112.76227699972227,1,108,475.52399999997147
676,-7.353314999998273,112.78875699965542,0,111,725.0519999999445
677,-7.332385999995347,112.69369699989542,5,10,23.209999999999646
678,-7.351053999997957,112.6676839999611,4,188,425.2559999999946
679,-7.311915999992486,112.79045699965113,3,118,622.9219999999574
680,-7.280438999988086,112.78704499965974,1,148,685.0919999999571
681,-7.255821999984645,112.66516799996745,4,98,787.2339999999349
682,-7.236084999981887,112.72584199981426,2,167,691.7139999999606
683,-7.2612179999854,112.76115299972511,1,182,601.8739999999738
684,-7.311063999992367,112.65749599998682,5,63,363.2579999999739
685,-7.227003999980617,112.68015099992962,3,118,1079.8179999999072
686,-7.360612999999293,112.70215899987406,2,163,1129.4269999999115
687,-7.361586999999429,112.78913299965447,1,24,157.8959999999879
688,-7.297665999990494,112.65393499999581,0,2,14.933999999998797
689,-7.247360999983463,112.78945299965366,4,200,712.9999999999656
690,-7.239928999982424,112.71219599984872,0,48,97.19999999999987
691,-7.243625999982941,112.73429999979291,4,149,874.6299999999364
692,-7.255907999984657,112.72529299981565,3,27,182.0879999999859
693,-7.346531999997325,112.77642799968655,2,67,590.6049999999498
694,-7.245114999983149,112.68549799991612,1,35,318.39499999997264
695,-7.267509999986279,112.78518199966445,1,199,1395.1889999998903
696,-7.2786449999878355,112.73421299979313,2,113,523.4159999999672
697,-7.2606449999853195,112.70489299986716,3,4,35.999999999996916
698,-7.3070059999918,112.74613899976302,0,21,107.83499999999276
699,-7.35672699999875,112.70818499985884,2,66,277.001999999984
700,-7.294551999990059,112.73858599978209,0,8,79.639999999993
701,-7.227287999980657,112.72379099981944,4,118,308.33399999999205
702,-7.344036999996976,112.68570999991559,4,24,176.80799999998584
703,-7.3100799999922295,112.77046099970161,0,82,486.5879999999645
704,-7.228058999980765,112.74375199976905,3,51,366.4859999999709
705,-7.335730999995815,112.69503399989205,1,24,134.4719999999905
706,-7.316149999993078,112.68074299992813,2,31,259.4699999999782
707,-7.261872999985491,112.66774799996094,5,60,532.7999999999545
708,-7.328833999994851,112.67769799993582,4,98,878.8639999999248
709,-7.290576999989503,112.66499899996788,0,15,75.91499999999493
710,-7.294729999990084,112.7156909998399,1,55,181.8849999999921
711,-7.34556899999719,112.70592199986456,1,129,1281.6149999998872
712,-7.261100999985383,112.6953719998912,5,26,217.1519999999818
713,-7.291890999989687,112.75619699973763,5,81,365.4719999999776
714,-7.340872999996534,112.77472299969085,3,183,1311.1949999998958
715,-7.346342999997298,112.68032799992918,0,84,760.1159999999347
716,-7.29906799999069,112.71407199984398,5,143,809.5229999999423
717,-7.230214999981066,112.72567299981469,5,60,361.4399999999734
718,-7.335182999995738,112.74896799975588,2,117,935.8829999999227
719,-7.229635999980985,112.77017399970234,1,19,160.2459999999865
720,-7.312039999992503,112.74426299976776,1,22,129.18399999999062
721,-7.252011999984113,112.77051999970146,3,91,452.26999999997025
722,-7.22888399998088,112.7556109997391,3,142,597.6779999999654
723,-7.359354999999117,112.69451599989335,2,76,582.2359999999526
724,-7.347686999997486,112.69513799989178,3,96,212.9279999999977
725,-7.364618999999853,112.75431699974237,1,90,742.409999999938
726,-7.3213159999938,112.67591299994032,4,144,315.07199999999705
727,-7.305088999991532,112.76294799972058,0,39,385.7099999999661
728,-7.2372859999820545,112.71356499984526,1,98,801.0519999999334
729,-7.2321639999813385,112.74679599976136,0,108,1038.3119999999096
730,-7.26687499998619,112.73570899978935,5,83,541.2429999999587
731,-7.362514999999559,112.75641499973707,3,53,454.68699999996164
732,-7.297299999990443,112.71736999983565,2,74,590.1499999999513
733,-7.275148999987347,112.69444299989354,3,99,532.3229999999631
734,-7.3436049999969155,112.69070899990297,1,173,1718.581999999849
735,-7.307215999991829,112.6715679999513,0,6,20.24399999999909
736,-7.341735999996654,112.77790599968282,1,128,310.271999999994
737,-7.24061699998252,112.695447999891,3,182,802.6199999999517
738,-7.304949999991512,112.76794499970796,2,188,1842.2119999998386
739,-7.267128999986226,112.78045199967639,2,55,473.9899999999599
740,-7.339194999996299,112.72207899982376,5,102,505.71599999996675
741,-7.350961999997944,112.77378199969323,2,63,337.8059999999767
742,-7.309517999992151,112.7080819998591,4,186,742.3259999999592
743,-7.249609999983777,112.76566499971372,4,3,16.517999999998842
744,-7.285166999988747,112.77617899968718,4,168,354.143999999998
745,-7.227217999980647,112.7594549997294,0,61,309.8189999999793
746,-7.362640999999576,112.66533899996702,3,180,970.3799999999328
747,-7.3438119999969445,112.655838999991,4,132,325.7759999999932
748,-7.243327999982899,112.69183999990011,4,85,380.54499999997677
749,-7.289894999989408,112.69895599988214,2,19,186.9029999999836
750,-7.283528999988518,112.65329699999742,3,102,814.8779999999326
751,-7.294217999990012,112.7064179998633,4,157,1112.815999999912
752,-7.259980999985227,112.75104099975064,4,41,225.29499999998424
753,-7.36152299999942,112.77007599970258,3,186,766.1339999999567
754,-7.305927999991649,112.7092309998562,5,165,677.4899999999617
755,-7.3387469999962365,112.77109299970002,5,107,916.0269999999226
756,-7.265182999985954,112.74632999976254,1,179,856.3359999999451
757,-7.334885999995697,112.74469799976666,0,149,375.3309999999915
758,-7.330245999995048,112.72061499982746,5,151,840.3149999999406
759,-7.230229999981068,112.77554299968878,4,48,337.58399999997334
760,-7.229541999980972,112.66628399996463,0,6,53.36399999999545
761,-7.297608999990486,112.6799599999301,0,41,376.1339999999676
762,-7.340638999996501,112.76173799972364,4,61,391.4369999999703
763,-7.233045999981462,112.67720999993705,5,98,513.6179999999649
764,-7.330201999995042,112.67385599994552,2,129,625.9079999999594
765,-7.304345999991428,112.76725099970972,4,110,832.5899999999325
766,-7.355700999998606,112.70987499985458,2,136,857.7519999999356
767,-7.298190999990568,112.76152399972418,1,0,0.0
768,-7.306851999991778,112.76336899971952,1,38,106.17199999999667
769,-7.349677999997764,112.70439299986842,5,117,1083.1859999999065
770,-7.277005999987606,112.69650399988834,5,181,490.8719999999858
771,-7.28146499998823,112.7045969998679,2,181,775.5849999999543
772,-7.262558999985587,112.76473099971608,3,36,270.7199999999781
773,-7.349408999997727,112.74538499976492,5,100,220.59999999999772
774,-7.3283879999947885,112.77961199967851,1,152,1447.647999999874
775,-7.336921999995981,112.76977399970335,1,52,444.02799999996256
776,-7.23038599998109,112.66318199997247,3,8,61.463999999994996
777,-7.296316999990306,112.76331799971965,0,102,487.8659999999688
778,-7.243341999982901,112.69299599989719,4,42,108.52799999999729
779,-7.242848999982832,112.73314199979583,2,197,1937.49499999983
780,-7.34156099999663,112.74106099977584,5,132,516.5159999999722
781,-7.249924999983821,112.71820199983355,3,163,355.50299999999675
782,-7.311814999992472,112.67616599993968,5,160,1352.3199999998862
783,-7.2883669999891945,112.7273709998104,3,3,29.50199999999741
784,-7.282218999988335,112.69414499989429,2,76,508.8959999999607
785,-7.340402999996468,112.74218999977299,5,115,271.7449999999954
786,-7.29992799999081,112.69000999990473,0,8,61.959999999994935
787,-7.266902999986194,112.76636599971195,2,66,393.4919999999712
788,-7.298967999990676,112.65404699999553,2,102,665.5499999999491
789,-7.29470499999008,112.67390599994539,3,106,722.8139999999438
790,-7.253523999984324,112.72285299982181,0,129,807.1529999999394
791,-7.313862999992758,112.71040299985324,2,175,846.2999999999454
792,-7.22752499998069,112.6846749999182,2,116,994.003999999916
793,-7.363677999999721,112.78835299965644,0,17,104.78799999999221
794,-7.228418999980815,112.76369999971868,0,136,533.7999999999712
795,-7.2413709999826255,112.74583499976379,5,68,475.4559999999626
796,-7.302220999991131,112.78149199967376,5,59,173.3419999999939
797,-7.293276999989881,112.67743899993647,5,143,1385.5269999998789
798,-7.312639999992587,112.6900209999047,2,166,429.27599999998927
799,-7.269942999986619,112.71993499982918,5,21,104.89499999999308
800,-7.247857999983532,112.72445199981777,0,118,435.655999999978
801,-7.3063599999917095,112.78969099965306,4,184,1512.479999999874
802,-7.264351999985838,112.72519699981589,2,128,1213.6959999998944
803,-7.325928999994445,112.77783799968299,5,175,1027.4249999999254
804,-7.308421999991998,112.74711699976055,4,39,200.03099999998653
805,-7.240191999982461,112.67072299995343,1,137,277.2879999999996
806,-7.23517999998176,112.78170399967323,2,53,107.80199999999981
807,-7.2940049999899825,112.75960799972901,4,154,1014.2439999999223
808,-7.249807999983805,112.67283699994809,0,71,210.3019999999925
809,-7.324155999994197,112.73595999978872,0,152,609.3679999999663
810,-7.284536999988659,112.7124379998481,0,196,621.5159999999747
811,-7.296798999990373,112.6523159999999,4,133,794.4089999999418
812,-7.2524029999841675,112.7686819997061,2,195,1236.2999999999067
813,-7.234182999981621,112.78144999967387,4,131,1122.4079999999053
814,-7.246855999983392,112.66289799997318,5,169,1566.4609999998647
815,-7.345218999997141,112.68096299992757,0,72,292.2479999999837
816,-7.2983469999905894,112.7554549997395,1,65,351.9749999999756
817,-7.319436999993537,112.74992199975347,5,20,177.35999999998486
818,-7.259171999985114,112.73736399978517,2,171,1604.6639999998608
819,-7.2521599999841335,112.70342399987086,5,82,208.19799999999512
820,-7.33397899999557,112.77911799967976,3,74,535.7599999999572
821,-7.28261399998839,112.73820899978304,1,157,434.26199999998676
822,-7.364133999999785,112.76839499970683,0,175,785.9249999999521
823,-7.22816699998078,112.6786949999333,3,124,796.0799999999397
824,-7.29305499998985,112.71522999984106,5,14,137.63399999998794
825,-7.261754999985475,112.78900899965478,4,29,222.5459999999819
826,-7.268026999986351,112.77301199969517,2,98,734.3139999999406
827,-7.231160999981198,112.67386599994549,0,71,380.0629999999737
828,-7.309093999992092,112.71111199985145,1,39,345.89099999997046
829,-7.272122999986924,112.65289799999843,3,25,174.42499999998628
830,-7.270422999986686,112.76277899972101,5,94,220.33599999999643
831,-7.3487269999976315,112.68155099992609,2,88,198.52799999999752
832,-7.3303339999950605,112.66940099995676,1,29,139.0259999999911
833,-7.2840029999885845,112.77215199969734,3,109,978.0569999999162
834,-7.285740999988827,112.7704679997016,2,114,554.495999999964
835,-7.288250999989178,112.74854099975695,3,188,1551.5639999998705
836,-7.26708899998622,112.74280099977145,1,100,589.7999999999571
837,-7.276922999987595,112.68389999992016,4,152,427.4239999999864
838,-7.25607199998468,112.65236899999977,3,11,42.8889999999977
839,-7.310057999992226,112.68898699990731,3,52,128.6479999999973
840,-7.330202999995042,112.72307999982124,3,89,241.18999999999303
841,-7.264952999985922,112.77417599969223,1,54,252.66599999998408
842,-7.23124299998121,112.70551299986559,3,89,513.173999999963
843,-7.2290519999809035,112.73514699979077,3,83,395.4949999999747
844,-7.355280999998548,112.69792799988474,4,4,35.80799999999694
845,-7.256821999984785,112.70508799986666,4,71,334.97799999997875
846,-7.306411999991717,112.76112599972518,5,102,739.1939999999411
847,-7.338538999996207,112.70463399986781,5,112,799.0079999999367
848,-7.340069999996421,112.70182999987489,1,135,304.01999999999623
849,-7.245296999983174,112.66806799996013,1,129,545.5409999999682
850,-7.3556589999986,112.78389699966769,4,14,76.55199999999465
851,-7.267544999986284,112.68655299991346,4,94,294.7839999999882
852,-7.348608999997615,112.75033799975242,4,175,1634.8499999998587
853,-7.288484999989211,112.7249189998166,3,196,1306.9279999998992
854,-7.2858779999888466,112.7308179998017,1,159,1252.919999999897
855,-7.329669999994968,112.7632189997199,2,35,308.9449999999737
856,-7.350381999997863,112.6690299999577,5,42,116.7179999999964
857,-7.346671999997344,112.69139999990122,1,49,375.63399999996943
858,-7.33605099999586,112.73215899979832,2,92,845.1119999999271
859,-7.334602999995657,112.66627999996464,5,39,211.6529999999853
860,-7.323647999994126,112.66954899995639,4,84,491.65199999996435
861,-7.274875999987309,112.68503899991728,1,167,1178.518999999907
862,-7.247756999983518,112.780999999675,4,101,789.1129999999353
863,-7.336810999995966,112.71352999984535,4,64,617.983999999946
864,-7.35014899999783,112.72673199981202,0,69,297.73499999998245
865,-7.351000999997949,112.68347299992124,0,139,464.1209999999795
866,-7.258460999985014,112.77161099969871,5,155,1008.274999999923
867,-7.3139579999927715,112.73700699978608,5,157,1101.3549999999134
868,-7.340746999996516,112.7159639998392,4,122,871.8119999999309
869,-7.352766999998196,112.65529999999237,5,168,693.3359999999607
870,-7.337143999996012,112.68430499991914,2,91,462.4619999999691
871,-7.244025999982997,112.74003699977843,4,187,1036.727999999927
872,-7.318117999993353,112.75239799974722,0,157,1357.735999999885
873,-7.346608999997335,112.7693559997044,1,5,26.749999999998156
874,-7.322342999993944,112.7434129997699,4,66,206.05199999999184
875,-7.279381999987939,112.73884099978144,0,0,0.0
876,-7.248687999983648,112.67378799994569,3,62,413.72599999996805
877,-7.2665829999861495,112.74707299976066,1,171,1077.299999999919
878,-7.306339999991707,112.692675999898,1,125,1108.9999999999054
879,-7.259704999985188,112.76549099971416,3,84,691.9919999999423
880,-7.262452999985572,112.73484499979153,1,5,38.34499999999687
881,-7.310321999992263,112.70702499986177,1,54,418.93199999996574
882,-7.310136999992237,112.76896399970539,3,196,722.8479999999636
883,-7.261351999985418,112.69004699990464,1,184,977.4079999999328
884,-7.285130999988742,112.77174999969836,2,195,1205.29499999991
885,-7.356687999998744,112.7657149997136,5,22,48.46599999999951
886,-7.267029999986212,112.72750099981008,0,125,477.9999999999749
887,-7.308073999991949,112.70196499987455,5,29,100.94899999999527
888,-7.3500079999978105,112.73441499979262,5,88,814.5279999999296
889,-7.273017999987049,112.76505999971525,5,20,72.03999999999647
890,-7.313095999992651,112.75223199974764,4,12,33.65999999999894
891,-7.354640999998458,112.75588399973842,5,112,409.69599999997956
892,-7.2428949999828385,112.78647699966118,4,163,1614.0259999998582
893,-7.227653999980708,112.67895699993264,2,165,526.3499999999784
894,-7.298685999990637,112.67553399994128,1,186,1588.9979999998661
895,-7.358993999999067,112.73787699978388,4,27,131.65199999999146
896,-7.296037999990267,112.71878599983208,2,64,236.60799999998804
897,-7.27731599998765,112.70902599985672,5,177,1442.9039999998802
898,-7.292081999989714,112.73128999980051,1,186,1806.245999999842
899,-7.2991769999907055,112.75613399973778,0,72,394.1279999999725
900,-7.300617999990907,112.77322199969464,0,181,678.5689999999652
901,-7.233519999981528,112.71900199983153,2,137,829.6719999999387
902,-7.321945999993888,112.6715629999513,4,30,208.88999999998362
903,-7.321709999993855,112.73000199980376,4,80,731.4399999999371
904,-7.34742599999745,112.7372719997854,4,75,297.0749999999838
905,-7.27867599998784,112.725552999815,5,7,18.185999999999538
906,-7.239960999982428,112.7483229997575,0,190,1413.4099999998862
907,-7.348873999997652,112.74520799976537,4,21,163.4639999999866
908,-7.361653999999438,112.77823499968198,2,27,124.98299999999217
909,-7.250686999983928,112.66087599997829,3,146,420.1879999999859
910,-7.232083999981327,112.73420699979314,0,128,321.79199999999275
911,-7.2576449999849,112.67455999994374,5,112,351.67999999998597
912,-7.229583999980978,112.72877999980685,5,139,1019.2869999999183
913,-7.284587999988666,112.71038699985328,0,34,161.8059999999897
914,-7.339459999996336,112.6883569999089,1,38,374.45199999996714
915,-7.271916999986895,112.66828799995957,2,83,487.0439999999646
916,-7.286659999988956,112.73207699979852,1,24,86.32799999999578
917,-7.3062669999916965,112.77138499969928,3,172,1551.439999999867
918,-7.283510999988516,112.72526799981571,0,148,1067.227999999915
919,-7.35644299999871,112.74566299976422,0,164,706.3479999999583
920,-7.329893999994999,112.72232599982314,2,63,339.5069999999765
921,-7.303392999991295,112.7007549998776,3,43,395.08399999996595
922,-7.332299999995335,112.65243099999961,3,99,834.66899999993
923,-7.246545999983349,112.77588899968791,3,83,598.8449999999524
924,-7.2326859999814115,112.68916999990685,1,40,389.2799999999659
925,-7.323480999994103,112.78269399967073,4,105,1006.8449999999121
926,-7.355449999998571,112.78101099967498,0,27,71.87399999999803
927,-7.231080999981187,112.68968599990555,5,24,161.49599999998748
928,-7.290575999989503,112.70010499987924,3,6,54.683999999995294
929,-7.336069999995862,112.75128299975003,4,79,331.00999999998095
930,-7.352544999998165,112.70363499987033,2,64,574.5919999999508
931,-7.36259799999957,112.73320899979566,0,120,593.2799999999611
932,-7.259668999985183,112.76037899972707,1,90,389.2499999999769
933,-7.253249999984286,112.74319499977045,1,190,949.2399999999373
934,-7.290874999989545,112.68904899990716,3,194,1930.1059999998301
935,-7.251231999984004,112.6733459999468,4,161,1036.3569999999213
936,-7.354031999998373,112.70212499987414,1,181,647.9799999999685
937,-7.244260999983029,112.74069499977676,0,16,135.98399999998855
938,-7.281493999988234,112.74412199976811,5,88,829.487999999928
939,-7.31473199999288,112.68964499990565,5,144,469.29599999998004
940,-7.321082999993767,112.70136799987606,4,120,788.6399999999396
941,-7.358654999999019,112.71503599984155,5,0,0.0
942,-7.321272999993794,112.66761299996128,5,125,806.9999999999386
943,-7.247073999983423,112.73613299978828,5,5,23.79499999999848
944,-7.356651999998739,112.68240299992394,5,189,1250.6129999999039
945,-7.351666999998042,112.7478469997587,2,10,20.129999999999985
946,-7.321278999993795,112.70980799985475,4,185,1750.4699999998481
947,-7.343667999996924,112.71006799985409,3,2,6.917999999999679
948,-7.269748999986592,112.7482459997577,3,143,1135.4199999999064
949,-7.234656999981687,112.76275599972107,0,0,0.0
950,-7.270677999986722,112.74849299975708,0,124,521.6679999999699
951,-7.239233999982327,112.7586609997314,3,48,215.1359999999869
952,-7.331799999995265,112.75916599973013,3,35,169.36499999998907
953,-7.351460999998014,112.72970099980452,1,88,551.0559999999587
954,-7.342684999996787,112.73670699978683,0,180,593.4599999999743
955,-7.358898999999053,112.67546999994144,3,64,248.38399999998674
956,-7.340553999996489,112.74369399976919,2,84,459.3959999999679
957,-7.234264999981632,112.7735549996938,3,167,1490.8089999998726
958,-7.240887999982558,112.69342299989611,5,54,146.1779999999958
959,-7.247670999983506,112.77310299969494,5,157,966.0209999999281
960,-7.3335389999955085,112.73997999977857,1,5,16.749999999999257
961,-7.229611999980982,112.69430999989387,5,91,652.1059999999483
962,-7.332354999995343,112.7768839996854,4,188,505.7199999999857
963,-7.332035999995298,112.7367199997868,0,152,1254.3039999998953
964,-7.284122999988601,112.76773999970848,4,15,107.63999999999145
965,-7.294285999990022,112.66123199997739,2,52,327.13199999997545
966,-7.239941999982426,112.76864099970621,4,61,129.38099999999918
967,-7.276110999987481,112.69234699989883,3,96,755.4239999999379
968,-7.264452999985852,112.74051499977722,4,96,545.855999999961
969,-7.3626279999995745,112.73273599979686,5,66,465.82799999996325
970,-7.337975999996129,112.77352299969388,1,21,73.37399999999654
971,-7.299549999990758,112.77622299968706,3,52,346.21599999997335
972,-7.339494999996341,112.69510199989188,5,23,48.00099999999978
973,-7.3042069999914085,112.71650899983783,2,22,198.593999999983
974,-7.330988999995152,112.6941839998942,4,104,777.3999999999373
975,-7.313125999992655,112.71930199983078,4,37,289.0809999999763
976,-7.338644999996222,112.69419899989416,4,87,336.95099999998206
977,-7.304580999991461,112.7863869996614,3,76,452.57999999996696
978,-7.2295239999809695,112.75753399973425,0,85,814.639999999929
979,-7.266421999986127,112.78357299966851,1,159,937.7819999999317
980,-7.259760999985196,112.71734499983572,0,137,1333.9689999998832
981,-7.280913999988153,112.76825699970718,0,73,717.5899999999372
982,-7.258545999985026,112.69763499988548,4,6,51.353999999995665
983,-7.331066999995163,112.73350199979492,3,58,152.365999999996
984,-7.333447999995496,112.69731799988628,1,186,420.1739999999947
985,-7.242492999982782,112.74748899975961,5,137,1150.1149999999036
986,-7.247087999983425,112.72258499982249,4,169,709.2929999999591
987,-7.263826999985764,112.75346599974452,4,28,79.68799999999739
988,-7.301027999990964,112.65827399998486,0,116,255.7799999999974
989,-7.34735499999744,112.67860599993352,5,132,735.635999999948
990,-7.360083999999219,112.78796699965741,4,161,746.2349999999534
991,-7.264919999985917,112.70894499985693,0,38,86.8679999999988
992,-7.327671999994688,112.68710699991206,2,119,363.54499999998615
993,-7.266093999986081,112.71574799983975,3,11,34.31999999999864
994,-7.3229289999940255,112.72211999982366,1,141,773.6669999999459
995,-7.343886999996955,112.66209099997522,3,51,427.8899999999642
996,-7.231492999981245,112.77479699969066,5,198,1753.0919999998507
997,-7.251526999984045,112.73568199978942,0,173,1028.1389999999249
998,-7.23195999998131,112.78437499966648,1,90,328.1399999999837
999,-7.357268999998825,112.70603699986427,4,71,464.4819999999645
1000,-7.309351999992128,112.7270149998113,4,131,665.3489999999556
1001,-7.230829999981152,112.77951499967875,3,25,162.09999999998766
1002,-7.257337999984857,112.70052599987818,2,140,1314.739999999886
1003,-7.335618999995799,112.6575809999866,2,171,1678.364999999853
1004,-7.325018999994318,112.75070499975149,1,81,516.5369999999609
1005,-7.227351999980666,112.75253099974688,3,146,697.2959999999554
1006,-7.335396999995768,112.68168099992576,0,48,456.91199999996024
1007,-7.311093999992371,112.77761499968355,2,48,178.5119999999909
1008,-7.26465599998588,112.66634899996447,4,82,309.221999999984
1009,-7.252446999984174,112.74890999975602,2,9,21.473999999999617
1010,-7.322359999993946,112.7870209996598,4,17,161.00699999998602
1011,-7.23553599998181,112.76684499971074,3,142,315.0979999999966
1012,-7.258109999984965,112.65935899998212,3,171,905.7869999999378
1013,-7.306318999991704,112.72881499980676,5,94,197.77599999999893
1014,-7.301900999991086,112.75183899974863,0,44,406.38399999996494
1015,-7.2650019999859285,112.76665199971123,5,161,1088.6819999999157
1016,-7.246641999983362,112.68973899990542,0,44,296.95599999997694
1017,-7.2875369999890784,112.72726399981067,5,111,402.0419999999802
1018,-7.299466999990746,112.678813999933,1,119,1001.384999999916
1019,-7.272183999986932,112.7104619998531,3,159,1299.188999999892
1020,-7.233619999981542,112.69591199988983,2,66,212.9159999999911
1021,-7.3030549999912475,112.75334299974483,4,182,677.0399999999655
1022,-7.3006369999909095,112.6944199998936,5,4,17.571999999998944
1023,-7.299751999990786,112.70483199986731,3,152,767.4479999999489
1024,-7.314123999992795,112.66070099997873,0,11,37.12499999999834
1025,-7.24275999998282,112.76778199970838,5,32,276.4479999999766
1026,-7.248421999983611,112.76863099970623,2,134,635.6959999999596
1027,-7.331529999995228,112.6638039999709,0,10,74.66999999999399
1028,-7.269053999986495,112.7028149998724,2,65,258.50499999998584
1029,-7.286672999988958,112.65935799998212,0,66,584.1659999999503
1030,-7.273193999987074,112.7463449997625,3,112,948.8639999999202
1031,-7.357449999998851,112.71157699985028,5,71,691.1849999999396
1032,-7.268812999986461,112.76673899971101,2,106,758.7479999999398
1033,-7.279806999987998,112.71633199983827,2,120,413.99999999998084
1034,-7.2431809999828785,112.75558199973918,5,39,372.95699999996754
1035,-7.275848999987445,112.65539699999212,0,7,55.27899999999545
1036,-7.293854999989962,112.73208899979849,4,162,344.41199999999776
1037,-7.294689999990078,112.71543399984054,3,12,28.679999999999485
1038,-7.30593499999165,112.72541399981534,1,156,898.8719999999354
1039,-7.258492999985019,112.6929539998973,2,72,368.78399999997526
1040,-7.313979999992775,112.76395399971804,0,130,1233.9599999998927
1041,-7.320478999993683,112.68755899991092,5,185,984.5699999999323
1042,-7.319200999993504,112.76351399971915,2,84,240.99599999999197
1043,-7.227222999980648,112.673270999947,4,31,224.09899999998214
1044,-7.321288999993796,112.71145599985059,5,64,156.35199999999688
1045,-7.349390999997724,112.66765099996118,2,19,136.38199999998918
1046,-7.318785999993446,112.748126999758,5,0,0.0
1047,-7.3035409999913155,112.71380799984465,0,68,332.1119999999784
1048,-7.304808999991493,112.71833199983323,4,131,950.5359999999241
1049,-7.260387999985284,112.75945099972941,2,67,236.24199999998874
1050,-7.3334819999955005,112.72008899982879,2,83,435.41799999997033
1051,-7.253539999984326,112.73246599979754,4,191,1561.04299999987
1052,-7.3270139999945965,112.7570789997354,1,85,236.46999999999267
1053,-7.3400059999964125,112.65413399999531,5,197,979.2869999999356
1054,-7.313509999992709,112.65249499999945,4,84,775.235999999933
1055,-7.279587999987967,112.67443499994405,2,69,405.30599999997054
1056,-7.2554649999845955,112.70197099987453,3,162,980.0999999999277
1057,-7.284335999988631,112.65766999998638,3,90,763.5599999999357
1058,-7.295330999990168,112.75388699974346,3,0,0.0
1059,-7.287149999989024,112.74138799977501,1,68,387.05599999997236
1060,-7.273712999987146,112.73163499979964,5,98,310.07199999998744
1061,-7.285799999988836,112.75730999973482,3,12,110.75999999999046
1062,-7.324870999994297,112.72695299981146,0,62,369.82999999997287
1063,-7.2893189999893275,112.7824669996713,3,79,625.0479999999486
1064,-7.314070999992787,112.69035299990387,0,101,907.0809999999223
1065,-7.351882999998073,112.78541099966387,4,146,536.2579999999731
1066,-7.22959699998098,112.66144999997684,3,49,306.935999999977
1067,-7.255591999984613,112.70434699986853,3,9,43.08299999999724
1068,-7.275348999987375,112.65946999998184,2,39,158.06699999999117
1069,-7.309687999992175,112.7470979997606,2,46,105.06399999999856
1070,-7.277724999987707,112.66544799996674,0,175,1004.6749999999279
1071,-7.296409999990319,112.74227999977276,3,164,1129.9599999999116
1072,-7.2504919999839,112.76781499970829,4,29,234.55199999998055
1073,-7.248936999983683,112.75730199973484,1,39,167.8949999999901
1074,-7.348407999997587,112.74703599976075,2,153,1309.2209999998895
1075,-7.26758599998629,112.68538099991642,4,121,1178.4189999998969
1076,-7.313869999992759,112.76580599971336,5,176,1420.4959999998823
1077,-7.275005999987327,112.73104799980112,2,93,293.1359999999882
1078,-7.2306039999811205,112.7506219997517,2,103,588.4389999999578
1079,-7.244581999983074,112.67596999994018,3,117,407.27699999998094
1080,-7.266073999986078,112.67392099994535,1,93,408.26999999997554
1081,-7.347023999997393,112.77129199969951,0,148,873.6439999999365
1082,-7.3305269999950875,112.76886199970565,4,31,115.59899999999409
1083,-7.345159999997133,112.67851299993376,5,136,941.1199999999263
1084,-7.349309999997713,112.77246799969654,0,6,49.78199999999583
1085,-7.264017999985791,112.65618499999013,5,9,79.92899999999318
1086,-7.3552449999985425,112.74506799976572,2,51,360.62099999997156
1087,-7.35766199999888,112.78967899965309,1,99,511.13699999996555
1088,-7.310489999992287,112.73496999979122,4,172,1288.451999999896
1089,-7.261376999985422,112.66343899997182,4,160,431.19999999998777
1090,-7.266774999986176,112.77841999968152,2,182,645.735999999969
1091,-7.250167999983855,112.68758399991086,2,95,210.99499999999767
1092,-7.239078999982305,112.7262219998133,2,135,1295.594999999887
1093,-7.304738999991483,112.68766699991065,5,53,165.57199999999344
1094,-7.301320999991005,112.66299299997294,0,155,1241.0849999998975
1095,-7.321412999993814,112.78375899966804,2,181,953.1459999999349
1096,-7.256801999984782,112.65541799999207,0,130,754.5199999999455
1097,-7.250966999983967,112.71726299983592,0,134,661.4239999999567
1098,-7.3564109999987055,112.70349499987068,3,165,493.349999999982
1099,-7.275849999987445,112.67117899995228,0,29,124.84499999999262
1100,-7.293929999989972,112.76166499972382,5,6,47.789999999996056
1101,-7.272867999987028,112.78787299965765,4,25,86.54999999999598
1102,-7.272469999986972,112.72018499982855,5,93,826.6769999999294
1103,-7.269167999986511,112.78434499966656,5,7,34.99299999999769
1104,-7.2381879999821805,112.66179599997596,3,160,1571.999999999862
1105,-7.3540359999983735,112.68122599992691,5,155,1394.8449999998807
1106,-7.232360999981366,112.67090599995296,1,148,585.4879999999681
1107,-7.297782999990511,112.79059399965078,5,87,375.83999999997775
1108,-7.338922999996261,112.66265899997379,3,116,788.2199999999388
1109,-7.23925799998233,112.72734399981047,5,7,30.78599999999815
1110,-7.262134999985528,112.67361999994611,5,150,401.84999999998877
1111,-7.228479999980824,112.66745499996168,0,28,121.4919999999928
1112,-7.3163829999931105,112.66338199997196,4,157,968.3759999999279
1113,-7.2600509999852365,112.73758499978462,5,128,992.3839999999188
1114,-7.3538999999983545,112.74851299975703,2,48,472.2239999999586
1115,-7.272934999987037,112.68321899992188,3,18,39.94199999999957
1116,-7.291458999989627,112.67551799994132,0,148,911.5319999999323
1117,-7.351776999998058,112.74186299977382,0,51,211.037999999988
1118,-7.325202999994343,112.78218399967201,1,148,491.06399999997853
1119,-7.273973999987183,112.69395099989478,1,139,1378.7409999998788
1120,-7.274270999987224,112.66309199997269,5,118,913.5559999999253
1121,-7.228348999980805,112.74723499976025,5,62,572.0739999999507
1122,-7.338663999996225,112.71832099983325,1,83,820.5379999999279
1123,-7.3081699999919625,112.66216799997503,0,110,794.8599999999367
1124,-7.352045999998095,112.69150099990097,2,21,67.72499999999717
1125,-7.338869999996254,112.65342999999709,0,42,250.82399999998162
1126,-7.357790999998898,112.7195669998301,5,114,545.2619999999652
1127,-7.312378999992551,112.69962499988046,1,141,669.7499999999573
1128,-7.3304339999950745,112.68611399991457,5,146,681.9659999999571
1129,-7.290933999989553,112.77034099970192,4,134,914.4159999999288
1130,-7.247493999983481,112.75462799974159,5,176,1181.8399999999087
1131,-7.249902999983818,112.65231199999991,0,45,126.94499999999593
1132,-7.265180999985954,112.69263199989811,2,49,488.235999999957
1133,-7.32732399999464,112.7031339998716,5,144,580.6079999999678
1134,-7.294570999990062,112.78780499965782,4,170,1221.109999999903
1135,-7.232137999981335,112.77394299969282,4,154,1450.9879999998743
1136,-7.325229999994347,112.73310999979591,5,131,946.6059999999246
1137,-7.3456399999972,112.74413599976808,3,72,562.103999999954
1138,-7.299046999990687,112.70235699987356,3,116,390.3399999999826
1139,-7.3349269999957025,112.69099399990225,4,49,211.1409999999875
1140,-7.275079999987337,112.73431899979286,5,175,1386.524999999886
1141,-7.343119999996848,112.77146499969908,4,145,1035.8799999999178
1142,-7.281707999988264,112.71775899983467,1,188,1470.5359999998796
1143,-7.271944999986899,112.69725399988644,4,115,1081.114999999906
1144,-7.33462199999566,112.77337299969426,5,150,1238.6999999998966
1145,-7.261599999985453,112.74633899976251,0,181,847.2609999999464
1146,-7.237713999982114,112.78777799965789,5,115,653.8899999999533
1147,-7.35751399999886,112.76460699971639,1,122,741.1499999999453
1148,-7.292837999989819,112.69194399989985,4,56,195.6079999999908
1149,-7.340387999996466,112.6608719999783,1,38,124.0699999999947
1150,-7.338755999996238,112.73795199978369,4,96,490.1759999999672
1151,-7.321013999993758,112.72264399982234,3,187,1750.8809999998484
1152,-7.318703999993435,112.73939599978004,2,7,23.820999999998918
1153,-7.307784999991909,112.6880009999098,3,11,38.79699999999815
1154,-7.305210999991549,112.70780199985981,5,157,1563.5629999998625
1155,-7.357909999998915,112.65279799999868,3,23,125.55699999999125
1156,-7.334853999995692,112.76890599970554,0,67,575.1279999999514
1157,-7.245739999983236,112.71575899983972,2,160,467.1999999999838
1158,-7.293874999989964,112.6791289999322,4,69,309.25799999998117
1159,-7.35221999999812,112.68687399991265,2,187,1361.9209999998914
1160,-7.235884999981859,112.66474899996851,4,173,603.7699999999716
1161,-7.241712999982673,112.70155499987558,4,67,256.4089999999865
1162,-7.285675999988818,112.75267299974652,0,9,43.19099999999723
1163,-7.230420999981095,112.7892779996541,3,73,155.8549999999989
1164,-7.284866999988705,112.74152699977466,3,153,913.868999999933
1165,-7.23654099998195,112.76079599972601,3,116,1143.9919999998997
1166,-7.274284999987226,112.66614299996499,0,200,1730.5999999998535
1167,-7.226908999980604,112.73407399979348,4,15,40.09499999999889
1168,-7.349708999997769,112.7236869998197,3,195,711.1649999999646
1169,-7.242459999982778,112.75193499974839,3,3,14.072999999999112
1170,-7.246561999983351,112.69785699988492,0,62,545.4139999999536
1171,-7.345017999997113,112.75795299973319,5,114,636.803999999955
1172,-7.2720629999869155,112.7279639998089,3,3,18.857999999998583
1173,-7.332686999995389,112.77360699969367,2,55,307.2299999999783
1174,-7.323333999994082,112.75658899973664,0,175,1191.5749999999073
1175,-7.243933999982984,112.76255499972157,3,10,45.59999999999718
1176,-7.354492999998437,112.71492499984183,1,151,1161.0389999999054
1177,-7.306129999991677,112.76391999971813,2,151,578.4809999999695
1178,-7.278985999987883,112.7423029997727,3,75,346.4249999999784
1179,-7.343645999996921,112.6998839998798,2,175,542.4999999999789
1180,-7.318589999993419,112.76124299972489,4,29,141.78099999999077
1181,-7.34242199999675,112.69858499988308,4,7,38.94799999999725
1182,-7.266958999986202,112.7114519998506,0,3,18.542999999998617
1183,-7.354908999998496,112.67400699994514,2,155,472.2849999999821
1184,-7.2576459999849,112.7213939998255,2,7,59.52099999999499
1185,-7.230176999981061,112.7743499996918,1,173,1041.4599999999234
1186,-7.244202999983021,112.78189699967274,4,194,1093.1899999999225
1187,-7.347372999997442,112.78741299965881,1,144,1234.9439999998958
1188,-7.24233599998276,112.6676459999612,2,18,65.80799999999672
1189,-7.300029999990825,112.68276599992302,3,135,1299.9149999998865
1190,-7.239455999982358,112.73771699978428,1,166,643.7479999999657
1191,-7.238761999982261,112.7392159997805,0,105,502.7399999999678
1192,-7.336988999995991,112.72866099980715,0,124,845.6799999999341
1193,-7.300418999990879,112.75262599974664,4,152,890.4159999999354
1194,-7.252456999984175,112.70985199985464,4,116,688.4599999999498
1195,-7.228136999980776,112.66984099995565,5,82,444.84999999996904
1196,-7.32804399999474,112.6813459999266,4,79,634.6069999999474
1197,-7.2517879999840815,112.68920199990677,2,7,47.05399999999636
1198,-7.298760999990647,112.69964399988041,0,142,807.6959999999423
1199,-7.354244999998403,112.66472299996857,2,139,713.903999999952
1200,-7.301549999991037,112.68434599991903,5,5,27.234999999998102
1201,-7.3070899999918115,112.74223999977286,5,193,934.6989999999397
1202,-7.245071999983143,112.65227999999999,2,66,330.5939999999781
1203,-7.235646999981825,112.73332099979538,3,32,302.0159999999738
1204,-7.31881099999345,112.73376099979427,3,133,878.4649999999325
1205,-7.35787299999891,112.68474399991803,0,113,899.3669999999258
1206,-7.267671999986302,112.67719299993709,2,17,145.24799999998774
1207,-7.3179709999933324,112.73498199979119,5,173,1246.4649999999008
1208,-7.304175999991404,112.72605399981373,0,194,1023.7379999999299
1209,-7.321298999993798,112.71660999983757,5,11,106.10599999999074
1210,-7.231496999981245,112.65467999999393,3,100,642.8999999999512
1211,-7.270276999986666,112.70089099987726,3,167,1487.134999999873
1212,-7.354710999998468,112.74462599976684,5,61,140.42199999999798
1213,-7.260874999985352,112.67282399994812,2,101,627.1089999999531
1214,-7.303328999991286,112.7682889997071,0,81,685.1789999999424
1215,-7.286110999988879,112.76376899971851,1,181,1133.0599999999151
1216,-7.2463219999833175,112.72097599982655,2,44,396.7919999999659
1217,-7.257513999984882,112.68323599992183,3,73,233.08899999999042
1218,-7.249900999983818,112.73276999979677,3,146,614.8059999999646
1219,-7.248676999983647,112.78459599966592,1,104,284.02399999999164
1220,-7.247761999983519,112.73610599978835,1,166,771.4019999999517
1221,-7.329629999994962,112.77245899969657,3,160,827.9999999999441
1222,-7.323088999994048,112.66862099995873,5,86,576.8019999999555
1223,-7.3107239999923195,112.75753399973425,2,58,505.4699999999571
1224,-7.347449999997453,112.68357499992098,5,95,319.48499999998575
1225,-7.293137999989861,112.70212599987414,5,148,773.5959999999475
1226,-7.2689509999864805,112.6839209999201,2,139,421.86499999998415
1227,-7.291452999989626,112.72576499981446,5,77,465.31099999996576
1228,-7.274252999987222,112.78775399965795,4,136,551.0719999999693
1229,-7.295378999990175,112.65523899999252,5,101,592.6679999999569
1230,-7.311504999992429,112.78215799967208,2,74,624.1899999999475
1231,-7.340337999996459,112.69303699989709,0,101,999.1929999999121
1232,-7.282198999988332,112.77893399968022,4,14,94.10799999999271
1233,-7.361295999999388,112.72739199981035,5,147,777.6299999999468
1234,-7.2849189999887125,112.70533899986603,0,127,587.3749999999633
1235,-7.323285999994075,112.71203999984911,4,4,21.499999999998515
1236,-7.273401999987103,112.76608999971265,5,152,1343.6799999998855
1237,-7.28254299998838,112.74288399977124,2,167,632.5959999999671
1238,-7.272547999986983,112.74486599976623,4,52,402.4799999999671
1239,-7.239598999982378,112.65541099999209,4,194,1687.9939999998567
1240,-7.238876999982277,112.7739089996929,2,186,699.1739999999639
1241,-7.306476999991726,112.7195299998302,2,93,335.72999999998353
1242,-7.301263999990997,112.70486699986722,4,93,604.499999999954
1243,-7.283881999988568,112.77982099967798,3,25,84.62499999999619
1244,-7.3302619999950505,112.75332799974487,0,150,1092.7499999999127
1245,-7.231443999981238,112.68451199991861,3,80,704.31999999994
1246,-7.28604799998887,112.78454699966605,5,54,459.4859999999613
1247,-7.329047999994881,112.73116899980081,4,177,931.3739999999364
1248,-7.296999999990401,112.67512599994231,1,41,388.80299999996623
1249,-7.251958999984105,112.7384599997824,3,15,132.62999999998868
1250,-7.316908999993184,112.66420999996987,5,100,415.0999999999764
1251,-7.357867999998909,112.68456199991849,3,32,224.44799999998233
1252,-7.304874999991502,112.65840399998453,0,61,300.24199999998035
1253,-7.297188999990428,112.68172299992565,4,80,180.31999999999778
1254,-7.333782999995543,112.7606409997264,2,171,992.8259999999283
1255,-7.2313479999812245,112.71905799983139,5,173,1244.0429999999012
1256,-7.23102699998118,112.74294499977108,0,57,524.2289999999548
1257,-7.3236019999941195,112.7787859996806,2,126,732.5639999999471
1258,-7.341177999996576,112.69385199989503,0,196,457.8559999999927
1259,-7.258006999984951,112.71626199983845,2,40,343.479999999971
1260,-7.251530999984046,112.75852699973174,5,193,1539.946999999873
1261,-7.251112999983987,112.67633499993926,4,68,378.3519999999733
1262,-7.268752999986453,112.72427699981822,0,34,297.56799999997475
1263,-7.239946999982426,112.69419999989415,1,63,353.9339999999749
1264,-7.3587859999990375,112.67908499993231,4,31,285.94399999997535
1265,-7.234594999981678,112.78782999965776,0,178,1276.2599999998986
1266,-7.256362999984721,112.78678899966039,4,183,1772.7209999998452
1267,-7.294681999990077,112.72868599980708,0,65,554.0599999999533
1268,-7.265855999986048,112.73286999979652,5,144,1081.4399999999125
1269,-7.3527959999982,112.67381899994561,0,91,318.22699999998497
1270,-7.306376999991712,112.7764059996866,0,161,740.7609999999538
1271,-7.355075999998519,112.70322899987136,4,77,285.74699999998546
1272,-7.362459999999551,112.74003199977844,4,133,720.72699999995
1273,-7.3492189999977,112.67397799994521,1,134,638.2419999999593
1274,-7.330864999995135,112.75565999973898,4,158,887.643999999937
1275,-7.255699999984628,112.70732099986103,4,23,111.80299999999275
1276,-7.352878999998212,112.65640999998956,2,5,13.674999999999596
1277,-7.258328999984996,112.76223699972238,1,30,234.38999999998077
1278,-7.230769999981144,112.78271499967067,0,36,265.0679999999787
1279,-7.358135999998947,112.7773199996843,3,9,87.48899999999234
1280,-7.274461999987251,112.76034799972714,1,171,1343.3759999998897
1281,-7.359530999999142,112.66588599996564,0,98,443.1559999999728
1282,-7.231821999981291,112.74248499977224,1,165,787.7099999999496
1283,-7.284674999988678,112.70501299986685,0,126,554.0219999999667
1284,-7.3354779999957795,112.6550069999931,0,29,247.22499999997916
1285,-7.349379999997723,112.72712499981102,3,82,231.73199999999255
1286,-7.328097999994748,112.66618899996487,5,158,1314.87599999989
1287,-7.2298099999810095,112.76474099971605,4,53,254.3469999999837
1288,-7.231252999981211,112.71796399983415,5,151,470.9689999999814
1289,-7.353914999998357,112.69566199989046,1,76,188.70799999999596
1290,-7.3505589999978875,112.65558499999165,0,165,830.4449999999448
1291,-7.309040999992084,112.78946699965363,0,110,511.2799999999679
1292,-7.362194999999514,112.7219489998241,3,63,604.1069999999473
1293,-7.2741229999872035,112.77195399969784,5,178,505.16399999998356
1294,-7.276282999987505,112.6902589999041,0,83,346.4419999999801
1295,-7.295851999990241,112.71155799985033,5,103,576.0789999999593
1296,-7.353875999998351,112.67684399993797,4,94,336.8959999999836
1297,-7.351440999998011,112.71447899984295,3,71,535.0559999999567
1298,-7.308681999992034,112.66986699995559,4,173,1653.0149999998562
1299,-7.333444999995495,112.67960199993101,1,40,191.5199999999877
1300,-7.302679999991195,112.70346099987077,1,61,137.00599999999835
1301,-7.233162999981478,112.67903999993243,5,133,613.7949999999618
1302,-7.299401999990737,112.67041099995421,0,95,217.92999999999694
1303,-7.360682999999303,112.69530699989136,2,38,330.409999999972
1304,-7.306993999991798,112.68891699990749,0,196,1504.1039999998775
1305,-7.3154819999929845,112.76985099970315,3,122,1197.917999999895
1306,-7.2422729999827515,112.77529299968941,5,162,1248.5339999998982
1307,-7.291503999989633,112.7760519996875,0,139,1272.5449999998905
1308,-7.251470999984037,112.77695499968522,4,123,808.601999999938
1309,-7.282978999988441,112.71042999985318,0,57,356.3639999999733
1310,-7.362439999999548,112.67693999993773,5,69,613.6859999999476
1311,-7.356564999998727,112.68494599991752,4,99,879.6149999999249
1312,-7.292851999989821,112.75207999974802,0,99,289.47599999998994
1313,-7.294594999990065,112.7141839998437,4,192,1734.527999999851
1314,-7.338041999996138,112.71356799984525,5,82,677.6479999999434
1315,-7.328216999994765,112.71502599984157,5,96,614.6879999999535
1316,-7.313838999992755,112.68544799991625,5,136,1044.0719999999149
1317,-7.231481999981243,112.7648399997158,2,0,0.0
1318,-7.2291089999809115,112.70811999985901,5,162,493.2899999999814
1319,-7.300129999990839,112.76370799971866,2,5,29.384999999997863
1320,-7.310486999992286,112.67310299994742,3,138,743.8199999999484
1321,-7.285353999988773,112.77674399968575,1,59,423.44299999996633
1322,-7.2435819999829345,112.66458199996893,0,174,552.2759999999776
1323,-7.356717999998748,112.79063399965068,2,142,1210.6919999998981
1324,-7.278772999987853,112.71195899984932,2,10,72.97999999999416
1325,-7.3481049999975445,112.67572699994079,2,153,804.1679999999451
1326,-7.3260199999944575,112.72549799981513,0,112,933.0719999999219
1327,-7.320608999993701,112.78857499965588,2,104,601.1199999999567
1328,-7.338748999996237,112.73388999979394,5,56,158.14399999999492
1329,-7.3308699999951354,112.77849999968132,1,61,498.5529999999585
1330,-7.227245999980651,112.6669729999629,4,89,399.07599999997564
1331,-7.352769999998197,112.72752599981001,1,96,335.7119999999842
1332,-7.32245799999396,112.75341999974464,5,108,1003.5359999999133
1333,-7.360013999999209,112.70623999986375,0,48,216.1439999999868
1334,-7.362480999999554,112.76400599971791,3,2,5.837999999999798
1335,-7.361691999999444,112.67328699994695,5,42,346.4579999999711
1336,-7.3479259999975195,112.67122299995216,0,45,422.36999999996334
1337,-7.324489999994244,112.68111799992718,0,9,85.79699999999252
1338,-7.312450999992561,112.78159899967349,2,131,1190.9209999998977
1339,-7.314009999992779,112.66230499997468,4,114,788.0819999999383
1340,-7.240939999982565,112.67327599994698,0,8,57.727999999995404
1341,-7.360637999999296,112.78624799966175,5,82,403.27599999997364
1342,-7.352627999998177,112.73318099979574,1,125,967.874999999921
1343,-7.270961999986762,112.72346399982027,2,163,444.6639999999869
1344,-7.30035099999087,112.72528299981568,0,76,364.7239999999766
1345,-7.251139999983991,112.68176499992555,0,31,152.45799999999005
1346,-7.344662999997063,112.71632899983828,1,20,136.4799999999894
1347,-7.2277999999807285,112.73229199979798,5,88,802.6479999999309
1348,-7.27495899998732,112.78515499966451,2,160,1041.1199999999208
1349,-7.294468999990047,112.66028499997978,4,91,190.2809999999991
1350,-7.321850999993875,112.72956699980486,0,61,493.85599999995907
1351,-7.32053199999369,112.7608789997258,1,64,310.5279999999799
1352,-7.267796999986319,112.7716939996985,3,9,74.2589999999938
1353,-7.287587999989086,112.72256999982253,3,118,606.2839999999592
1354,-7.2580759999849604,112.72977499980433,1,84,625.2119999999497
1355,-7.270969999986763,112.73288299979649,3,30,239.78999999998018
1356,-7.269475999986554,112.71728799983586,2,101,494.69799999996775
1357,-7.353142999998249,112.66671699996354,2,14,136.667999999988
1358,-7.334488999995641,112.70133799987613,2,16,126.19199999998963
1359,-7.247170999983436,112.78944099965369,4,9,65.80799999999473
1360,-7.333944999995565,112.6568719999884,2,29,227.9399999999813
1361,-7.333003999995434,112.66086699997831,2,32,266.43199999997773
1362,-7.281043999988171,112.75044999975213,5,119,1106.1049999999045
1363,-7.345794999997222,112.71908099983133,2,177,1060.937999999922
1364,-7.289879999989406,112.76412299971761,0,170,1619.9299999998589
1365,-7.2531759999842755,112.67633799993925,2,14,43.091999999998336
1366,-7.25084799998395,112.75289999974595,5,15,63.25499999999633
1367,-7.344981999997108,112.72088299982678,3,49,209.03399999998777
1368,-7.364449999999829,112.75290599974593,5,27,211.32899999998267
1369,-7.234064999981604,112.67252399994888,3,107,691.4339999999474
1370,-7.353064999998238,112.70876699985737,2,131,292.9159999999966
1371,-7.337298999996034,112.69948099988082,0,117,985.9589999999172
1372,-7.287214999989033,112.6683149999595,4,36,100.72799999999684
1373,-7.246671999983366,112.73463799979206,0,10,56.91999999999594
1374,-7.253168999984275,112.71818999983358,3,161,723.6949999999558
1375,-7.295972999990258,112.6646759999687,0,63,177.59699999999432
1376,-7.353433999998289,112.7675769997089,2,69,558.5549999999537
1377,-7.239948999982427,112.69541599989108,5,152,1211.5919999999
1378,-7.313530999992712,112.65464299999402,0,183,1255.1969999999021
1379,-7.288298999989185,112.77961999967849,3,98,936.4879999999184
1380,-7.3481479999975505,112.70833399985847,5,171,725.7239999999578
1381,-7.331486999995222,112.68430399991914,3,81,792.1799999999306
1382,-7.235755999981841,112.7015089998757,4,112,549.3599999999641
1383,-7.293820999989957,112.75129099975001,2,57,126.7679999999986
1384,-7.246997999983412,112.76260199972145,1,165,1404.1499999998819
1385,-7.3562249999986795,112.67202999995013,0,156,798.7199999999464
1386,-7.24068599998253,112.76739099970936,0,12,49.4039999999972
1387,-7.246253999983308,112.65440299999463,4,51,279.1739999999805
1388,-7.328532999994809,112.76598299971292,3,84,449.399999999969
1389,-7.31223099999253,112.68623799991425,4,71,149.88099999999912
1390,-7.3561819999986735,112.71899499983155,4,59,382.37899999997086
1391,-7.2454799999832,112.71332199984587,4,0,0.0
1392,-7.261999999985509,112.71785999983442,5,145,646.2649999999607
1393,-7.288154999989165,112.69641899988855,2,96,221.9519999999967
1394,-7.276188999987492,112.70664699986273,3,53,364.1629999999716
1395,-7.287469999989069,112.7016289998754,4,5,16.229999999999315
1396,-7.3095939999921615,112.77476999969073,0,49,320.01899999997556
1397,-7.340429999996472,112.71884199983194,2,135,886.4099999999321
1398,-7.314620999992864,112.6628519999733,2,12,51.50399999999697
1399,-7.356190999998675,112.75856899973164,2,196,1052.1279999999274
1400,-7.3021389999911195,112.77279099969573,3,177,1036.1579999999249
1401,-7.319532999993551,112.78456199966601,2,113,297.8679999999921
1402,-7.337980999996129,112.69510099989188,3,13,49.51699999999741
1403,-7.297051999990408,112.74650699976209,2,96,422.97599999997453
1404,-7.326709999994554,112.67410899994488,0,150,650.0999999999615
1405,-7.24283699998283,112.77930599967928,4,117,769.157999999941
1406,-7.263908999985776,112.70373899987007,5,148,1048.1359999999172
1407,-7.227272999980655,112.71928399983082,1,151,513.0979999999768
1408,-7.318179999993362,112.78672699966054,4,39,103.93499999999715
1409,-7.2829299999884345,112.78997399965235,0,152,1052.5999999999176
1410,-7.335751999995818,112.72326499982077,4,199,862.8639999999488
1411,-7.292572999989782,112.79016399965187,1,62,496.92999999995897
1412,-7.298092999990554,112.77465899969101,5,24,156.911999999988
1413,-7.246498999983342,112.69439899989365,5,123,249.32099999999963
1414,-7.3352989999957545,112.74801799975828,5,199,786.0499999999572
1415,-7.3609039999993335,112.67156999995129,3,19,142.21499999998852
1416,-7.34942999999773,112.68069899992824,0,163,1203.7549999999032
1417,-7.273318999987091,112.72865099980717,4,167,1514.35599999987
1418,-7.303411999991297,112.66247499997425,1,28,104.04799999999472
1419,-7.257219999984841,112.67705999993743,2,140,670.459999999957
1420,-7.241022999982577,112.72052699982768,4,69,476.3069999999628
1421,-7.334664999995666,112.65359399999667,2,65,254.79999999998626
1422,-7.343045999996837,112.69437099989372,0,33,234.46499999998144
1423,-7.33598199999585,112.74221899977292,5,177,648.5279999999675
1424,-7.332428999995353,112.65403899999555,1,13,56.90099999999659
1425,-7.355843999998626,112.65668699998886,5,191,1853.6549999998379
1426,-7.351977999998086,112.66228999997472,4,91,837.9279999999278
1427,-7.295584999990203,112.67186199995055,3,147,430.8569999999849
1428,-7.34721099999742,112.77665799968597,3,84,536.0039999999594
1429,-7.2359339999818655,112.73441899979261,0,40,364.0799999999688
1430,-7.336753999995958,112.72036899982808,2,169,360.47699999999753
1431,-7.31888299999346,112.6909729999023,0,76,425.14399999996994
1432,-7.31301499999264,112.74205799977332,2,97,523.2179999999637
1433,-7.245292999983174,112.74837799975737,5,112,939.1199999999212
1434,-7.359166999999091,112.73117999980079,1,80,737.0399999999364
1435,-7.275970999987462,112.70940799985576,2,109,395.9969999999804
1436,-7.332488999995362,112.78978599965282,5,79,286.84899999998584
1437,-7.228771999980864,112.6825759999235,5,190,415.71999999999605
1438,-7.362563999999566,112.65719099998759,3,109,300.07699999999096
1439,-7.269075999986498,112.74181999977392,1,127,604.3929999999615
1440,-7.23446599998166,112.7163999998381,0,37,174.7139999999889
1441,-7.263790999985759,112.75664699973649,0,91,286.3769999999885
1442,-7.2631919999856756,112.65671799998879,0,13,67.33999999999544
1443,-7.280620999988112,112.68194599992509,5,177,773.3129999999537
1444,-7.3401139999964276,112.74042799977744,3,39,315.54899999997383
1445,-7.246075999983283,112.71107599985154,2,123,612.2939999999596
1446,-7.289086999989295,112.68404799991978,0,0,0.0
1447,-7.342215999996721,112.7649209997156,1,50,315.79999999997625
1448,-7.264599999985872,112.74655299976197,5,61,417.91099999996743
1449,-7.364919999999895,112.67897799993258,1,191,590.1899999999771
1450,-7.321858999993876,112.67163699995112,4,179,746.7879999999572
1451,-7.3455009999971805,112.68719599991184,2,80,555.1999999999565
1452,-7.256374999984723,112.7175469998352,2,163,616.954999999968
1453,-7.30593699999165,112.7313319998004,2,111,240.98099999999792
1454,-7.312609999992583,112.75392899974335,4,4,21.19599999999855
1455,-7.293942999989974,112.76493299971557,5,88,565.751999999957
1456,-7.238870999982276,112.67999499993002,2,62,524.7679999999559
1457,-7.321725999993857,112.68185899992531,3,145,1106.49499999991
1458,-7.296069999990271,112.77438399969171,1,2,16.497999999998623
1459,-7.2307399999811395,112.71704099983648,3,126,869.399999999932
1460,-7.284178999988609,112.73464499979204,2,87,720.3599999999399
1461,-7.337322999996037,112.77701999968505,2,59,239.9529999999866
1462,-7.289642999989373,112.69272799989787,1,194,1267.789999999903
1463,-7.273642999987136,112.65321999999762,3,148,912.7159999999321
1464,-7.2596499999851805,112.66238499997448,5,128,1150.0799999999015
1465,-7.286414999988922,112.72513599981605,4,179,1748.471999999847
1466,-7.331416999995212,112.66868399995857,1,88,696.1679999999427
1467,-7.317106999993212,112.6801229999297,3,106,971.3839999999163
1468,-7.311915999992486,112.69376299989526,5,93,234.0809999999947
1469,-7.297098999990415,112.74740399975983,3,144,415.8719999999859
1470,-7.347760999997496,112.75129199975001,1,150,808.0499999999441
1471,-7.253342999984299,112.6848319999178,0,161,1417.1219999998793
1472,-7.285364999988775,112.76477899971596,0,32,100.54399999999598
1473,-7.268609999986433,112.77213699969738,3,27,252.9089999999781
1474,-7.255098999984544,112.78770099965809,5,166,364.3699999999964
1475,-7.299834999990797,112.66252299997413,2,63,624.1409999999452
1476,-7.310024999992222,112.70519999986638,2,1,8.320999999999303
1477,-7.257296999984852,112.77974199967818,1,67,487.0229999999611
1478,-7.332127999995311,112.72247999982275,4,11,75.45999999999411
1479,-7.308265999991976,112.732680999797,2,163,465.5279999999846
1480,-7.246136999983292,112.78712599965954,0,51,222.1049999999868
1481,-7.317088999993209,112.77936899967912,0,83,413.8379999999727
1482,-7.362885999999611,112.74917199975536,5,149,453.7049999999829
1483,-7.364826999999882,112.70611199986408,4,129,352.1699999999896
1484,-7.229532999980971,112.7729979996952,3,36,336.8879999999709
1485,-7.34857199999761,112.76520499971488,2,141,660.5849999999582
1486,-7.340472999996478,112.65399499999566,1,169,572.9099999999742
1487,-7.352786999998199,112.76663899971126,4,15,115.3349999999906
1488,-7.289317999989327,112.71672299983729,0,117,304.19999999999226
1489,-7.328510999994806,112.76130799972472,3,123,1051.8959999999113
1490,-7.346670999997344,112.7558479997385,1,96,259.1999999999926
1491,-7.327721999994695,112.70173599987513,2,116,603.5479999999591
1492,-7.290490999989491,112.71410099984391,1,131,506.0529999999731
1493,-7.329004999994875,112.65340299999716,1,49,347.6549999999725
1494,-7.281975999988301,112.77542199968909,3,8,77.44799999999323
1495,-7.359673999999162,112.66953199995643,0,47,252.2489999999826
1496,-7.358987999999066,112.69011599990446,5,118,660.2099999999533
1497,-7.269896999986613,112.7814739996738,3,198,1718.4419999998545
1498,-7.336327999995898,112.6698199999557,3,7,58.27499999999512
1499,-7.313622999992725,112.7770819996849,4,1,5.727999999999589
