id,latitude,longitude,rating
0,-7.251298999984013,112.78933499965396,3
1,-7.247282999983452,112.75658099973666,4
2,-7.344950999997104,112.76068799972629,3
3,-7.258738999985053,112.75822199973251,1
4,-7.244211999983023,112.79032499965146,4
5,-7.279508999987956,112.728718999807,2
6,-7.309404999992135,112.71071299985246,2
7,-7.302887999991224,112.7402439997779,2
8,-7.334645999995663,112.6868949999126,4
9,-7.255275999984569,112.68620299991434,4
10,-7.313108999992653,112.67197199995027,2
11,-7.347202999997418,112.67148099995151,3
12,-7.3139149999927655,112.73757899978463,3
13,-7.2709469999867595,112.65742099998701,5
14,-7.355999999998648,112.70343399987084,4
15,-7.248037999983557,112.73713199978576,2
16,-7.2477169999835125,112.68172299992565,3
17,-7.35658699999873,112.75647699973692,4
18,-7.34442299999703,112.68334799992155,1
19,-7.357842999998906,112.68462799991832,1
20,-7.317919999993325,112.7842119996669,1
21,-7.234718999981696,112.66979499995577,4
22,-7.3510239999979525,112.75968899972881,4
23,-7.234470999981661,112.7294719998051,2
24,-7.303813999991354,112.65537699999217,5
25,-7.254937999984522,112.67241099994916,5
26,-7.315927999993047,112.7793369996792,4
27,-7.348300999997572,112.71839399983307,2
28,-7.2893829999893365,112.6767959999381,3
29,-7.252090999984124,112.74124799977537,4
30,-7.301776999991069,112.75232199974741,5
31,-7.31258999999258,112.65900599998301,4
32,-7.352774999998197,112.70873899985745,1
33,-7.276158999987488,112.72133399982565,5
34,-7.350476999997876,112.71722099983603,3
35,-7.259321999985135,112.66020699997998,3
36,-7.300453999990884,112.66176099997605,4
37,-7.348400999997586,112.77091999970045,5
38,-7.343738999996934,112.71508999984141,4
39,-7.3477469999974945,112.76767899970864,4
40,-7.234091999981608,112.65715099998769,4
41,-7.279526999987959,112.73864299978194,4
42,-7.329301999994916,112.76057999972656,3
43,-7.300232999990853,112.72397999981897,5
44,-7.334920999995702,112.74966099975413,3
45,-7.274342999987234,112.72574199981452,1
46,-7.322709999993995,112.77300399969519,2
47,-7.254988999984529,112.7897529996529,5
48,-7.344868999997092,112.69723899988648,5
49,-7.291433999989623,112.67862899993347,5
50,-7.329977999995011,112.72712199981103,4
51,-7.243633999982942,112.6868139999128,3
52,-7.2646299999858766,112.73199099979874,3
53,-7.365657999999998,112.78993399965245,1
54,-7.317818999993311,112.69914299988167,1
55,-7.312954999992631,112.72200499982395,3
56,-7.2948489999901005,112.7838159996679,3
57,-7.3506589999979015,112.68479899991789,3
58,-7.336956999995986,112.68723999991172,2
59,-7.316603999993141,112.77040899970174,1
60,-7.262395999985564,112.78714899965948,3
61,-7.331198999995181,112.71552499984031,1
62,-7.2508789999839545,112.78960799965327,5
63,-7.242062999982722,112.66750599996155,5
64,-7.289948999989416,112.70323099987135,3
65,-7.307855999991919,112.68811499990952,3
66,-7.266364999986119,112.71678099983714,1
67,-7.26200799998551,112.74570499976411,5
68,-7.299804999990793,112.7612349997249,5
69,-7.268454999986411,112.70282799987237,1
70,-7.355927999998638,112.72640699981284,5
71,-7.271726999986869,112.75052199975195,2
72,-7.356164999998671,112.72159699982498,4
73,-7.244950999983126,112.7900689996521,1
74,-7.252308999984154,112.75298199974574,3
75,-7.301546999991037,112.78360799966842,3
76,-7.356184999998674,112.75470999974138,3
77,-7.311795999992469,112.74550199976463,5
78,-7.260470999985295,112.66710399996256,1
79,-7.2679349999863385,112.7876139996583,3
80,-7.3489489999976625,112.76214499972261,4
81,-7.338659999996224,112.78308199966975,1
82,-7.278046999987752,112.75796799973315,5
83,-7.2411919999826,112.75953699972919,5
84,-7.343727999996933,112.65977699998106,5
85,-7.279668999987979,112.76623799971227,3
86,-7.3617549999994525,112.78638499966141,5
87,-7.258291999984991,112.76601099971285,3
88,-7.2669119999861955,112.66852899995897,3
89,-7.329418999994933,112.78649599966113,2
90,-7.243992999982992,112.71435299984327,4
91,-7.280337999988072,112.7849219996651,4
92,-7.229377999980949,112.74893399975596,1
93,-7.358319999998972,112.76651099971158,2
94,-7.261916999985497,112.73547399978995,2
95,-7.303442999991302,112.7759719996877,3
96,-7.34471199999707,112.69403699989456,3
97,-7.257089999984823,112.65472899999381,3
98,-7.293728999989944,112.66876499995837,5
99,-7.28461699998867,112.73017799980332,4
100,-7.292977999989839,112.76403099971785,5
101,-7.284513999988656,112.71227099984853,1
102,-7.335327999995759,112.6876449999107,4
103,-7.308526999992012,112.73911999978074,3
104,-7.287235999989036,112.67205699995006,3
105,-7.254915999984519,112.68243299992386,3
106,-7.288626999989231,112.73455599979226,5
107,-7.358780999999037,112.66458799996892,1
108,-7.3014449999910225,112.67412199994484,3
109,-7.358503999998998,112.68890999990751,5
110,-7.288660999989236,112.75891799973076,5
111,-7.335187999995739,112.65858199998408,3
112,-7.345778999997219,112.67681299993805,2
113,-7.253334999984298,112.67114799995235,2
114,-7.231033999981181,112.73116399980083,1
115,-7.258037999984955,112.65237899999974,1
116,-7.259193999985117,112.74821299975778,4
117,-7.231549999981253,112.7014299998759,4
118,-7.305938999991651,112.71320499984617,4
119,-7.254594999984474,112.68708199991212,4
120,-7.25714399998483,112.65445099999451,2
121,-7.263331999985695,112.693467999896,1
122,-7.309813999992192,112.76961699970374,4
123,-7.34928699999771,112.6839209999201,3
124,-7.286285999988904,112.67343299994658,4
125,-7.243807999982966,112.67927199993184,3
126,-7.362376999999539,112.75735899973469,1
127,-7.33719699999602,112.76708499971014,4
128,-7.361813999999461,112.77065599970112,1
129,-7.297697999990499,112.66739299996183,4
130,-7.340444999996474,112.75626399973746,2
131,-7.3225359999939705,112.68167099992579,1
132,-7.275321999987371,112.71930399983077,2
133,-7.3630429999996325,112.6699389999554,2
134,-7.301259999990997,112.73258399979724,1
135,-7.261705999985468,112.73816499978315,5
136,-7.365066999999915,112.6893889999063,2
137,-7.273575999987127,112.73962499977947,5
138,-7.236379999981928,112.65894599998316,1
139,-7.310147999992239,112.6867729999129,4
140,-7.346647999997341,112.74992899975345,2
141,-7.349261999997706,112.76910699970503,2
142,-7.323277999994074,112.76043199972693,1
143,-7.229546999980973,112.65640999998956,2
144,-7.275443999987388,112.74280399977144,3
145,-7.289987999989421,112.7358879997889,5
146,-7.365532999999981,112.67170399995095,3
147,-7.339641999996362,112.68581799991532,5
148,-7.228904999980883,112.65806199998539,2
149,-7.274339999987234,112.6991709998816,5
150,-7.361112999999363,112.7768819996854,4
151,-7.274062999987195,112.7788649996804,2
152,-7.227409999980674,112.72366999981975,4
153,-7.233617999981542,112.75267099974653,5
154,-7.256320999984715,112.69566499989045,2
155,-7.281280999988204,112.72648399981264,2
156,-7.2912649999895995,112.74608899976315,4
157,-7.242344999982762,112.69184799990009,3
158,-7.323080999994047,112.76552799971407,2
159,-7.3595729999991475,112.68243699992385,5
160,-7.246288999983313,112.6675229999615,4
161,-7.317686999993293,112.78790999965756,3
162,-7.29856499999062,112.68148499992625,4
163,-7.230302999981078,112.65317099999774,1
164,-7.257756999984916,112.66232999997462,1
165,-7.29098199998956,112.66686799996316,4
166,-7.3532489999982635,112.73844799978244,2
167,-7.234616999981681,112.76540299971438,2
168,-7.357022999998791,112.68386899992024,3
169,-7.316473999993123,112.73833199978273,4
170,-7.231914999981304,112.7888459996552,1
171,-7.33355199999551,112.72393299981908,5
172,-7.233741999981559,112.65376299999625,5
173,-7.333196999995461,112.72407999981871,2
174,-7.30135299999101,112.69357399989573,5
175,-7.2475239999834855,112.77259099969623,5
176,-7.296166999990285,112.78131499967421,3
177,-7.306264999991696,112.72402299981886,5
178,-7.262823999985624,112.70532699986606,5
179,-7.254217999984421,112.70054899987812,4
180,-7.352830999998205,112.68695399991245,5
181,-7.231475999981242,112.73504499979103,1
182,-7.260499999985299,112.71206599984905,3
183,-7.360983999999345,112.66850399995903,2
184,-7.324145999994196,112.69709599988684,3
185,-7.31387399999276,112.758027999733,3
186,-7.252590999984194,112.7900309996522,2
187,-7.236239999981908,112.6689529999579,3
188,-7.267259999986244,112.68413599991956,3
189,-7.2933179999898865,112.6848739999177,1
190,-7.348551999997607,112.78746299965869,3
191,-7.339767999996379,112.7278059998093,2
192,-7.3122619999925345,112.7484419997572,4
193,-7.343548999996908,112.66516299996746,2
194,-7.362075999999497,112.73239199979773,2
195,-7.303938999991371,112.78580799966286,5
196,-7.275834999987443,112.74752999975951,3
197,-7.335650999995804,112.74619599976288,2
198,-7.3604819999992745,112.65812599998523,3
199,-7.241049999982581,112.73197699979877,3
200,-7.227729999980719,112.74147599977479,3
201,-7.332130999995312,112.6861399999145,5
202,-7.308435999992,112.77406299969252,1
203,-7.313038999992643,112.79058999965079,4
204,-7.314394999992833,112.75960899972901,4
205,-7.3501219999978264,112.7723649996968,5
206,-7.352249999998124,112.72464599981728,2
207,-7.233439999981517,112.74819099975784,4
208,-7.326456999994519,112.6798019999305,5
209,-7.313440999992699,112.7672159997098,1
210,-7.231657999981268,112.74083199977642,4
211,-7.244873999983115,112.67182599995064,4
212,-7.266913999986196,112.73856099978215,5
213,-7.356987999998786,112.67404499994504,1
214,-7.319572999993556,112.65842099998449,3
215,-7.28396799998858,112.65311899999787,5
216,-7.348051999997537,112.67912099993222,3
217,-7.349150999997691,112.74702899976077,5
218,-7.3456419999972,112.77941999967899,2
219,-7.246469999983338,112.65593499999076,2
220,-7.271566999986846,112.7376319997845,3
221,-7.364872999999888,112.76506399971524,3
222,-7.249979999983829,112.66863999995869,5
223,-7.314096999992791,112.66894499995792,5
224,-7.364213999999796,112.73296099979629,5
225,-7.315184999992943,112.76220599972245,5
226,-7.283943999988576,112.7415539997746,1
227,-7.255799999984642,112.67381699994561,4
228,-7.234881999981718,112.70947699985558,2
229,-7.302316999991144,112.70375199987004,4
230,-7.323783999994145,112.67767999993586,2
231,-7.309903999992205,112.6822569999243,2
232,-7.241398999982629,112.68870699990802,2
233,-7.346546999997327,112.66909399995754,3
234,-7.245201999983161,112.66971299995598,1
235,-7.259842999985207,112.76202099972292,1
236,-7.3576769999988825,112.76757799970889,3
237,-7.236974999982011,112.7640069997179,4
238,-7.238818999982269,112.71890399983178,2
239,-7.237881999982138,112.71648399983789,5
240,-7.242795999982825,112.7513749997498,1
241,-7.331541999995229,112.68968099990556,4
242,-7.318662999993429,112.66673999996348,2
243,-7.255014999984533,112.7879349996575,3
244,-7.337872999996114,112.73934299978018,1
245,-7.257522999984883,112.73329099979546,5
246,-7.231513999981248,112.67764599993595,4
247,-7.275698999987424,112.74634099976251,3
248,-7.354004999998369,112.71054899985288,1
249,-7.238998999982294,112.67015499995486,5
250,-7.3155029999929875,112.71706899983641,4
251,-7.231177999981201,112.7310539998011,3
252,-7.266750999986173,112.68120699992696,5
253,-7.352714999998189,112.65913599998268,2
254,-7.288348999989192,112.76268199972125,3
255,-7.291708999989662,112.754065999743,4
256,-7.261820999985484,112.77584299968802,3
257,-7.241479999982641,112.78865899965567,4
258,-7.297815999990515,112.72254799982258,3
259,-7.344053999996978,112.76449099971668,3
260,-7.273116999987063,112.66301299997289,3
261,-7.326342999994503,112.73848099978235,2
262,-7.2474309999834725,112.76347599971925,1
263,-7.300694999990918,112.70026399987884,2
264,-7.269598999986571,112.76494899971553,1
265,-7.29520299999015,112.74140999977496,1
266,-7.331638999995243,112.70914699985642,4
267,-7.3003359999908675,112.7125179998479,1
268,-7.231406999981233,112.6714039999517,2
269,-7.252651999984202,112.67489899994288,5
270,-7.2726779999870015,112.76310499972018,4
271,-7.2882669999891805,112.71242899984813,3
272,-7.361864999999468,112.71424799984354,4
273,-7.259750999985195,112.69619699988911,4
274,-7.35272499999819,112.75491699974086,2
275,-7.362902999999613,112.75354299974433,2
276,-7.357679999998883,112.67329099994694,4
277,-7.292132999989721,112.65324099999756,2
278,-7.257262999984847,112.67844799993392,2
279,-7.352387999998143,112.77350999969391,5
280,-7.327430999994655,112.71166299985006,2
281,-7.364625999999854,112.70734599986096,1
282,-7.289792999989394,112.71473099984232,5
283,-7.279240999987919,112.76008199972782,4
284,-7.25786099998493,112.67310299994742,2
285,-7.26093299998536,112.69818799988408,5
286,-7.312624999992585,112.66572899996603,4
287,-7.24662299998336,112.76347899971924,1
288,-7.3118119999924716,112.69526099989147,3
289,-7.3341939999956,112.68750799991105,1
290,-7.354113999998384,112.68804599990969,2
291,-7.234768999981703,112.78503599966481,2
292,-7.3241799999942,112.71245199984807,2
293,-7.290642999989513,112.6615449999766,2
294,-7.233377999981508,112.76656399971145,4
295,-7.228948999980889,112.76351599971915,3
296,-7.293147999989863,112.67485599994299,5
297,-7.247382999983466,112.70720199986133,4
298,-7.271048999986774,112.76924099970469,5
299,-7.304660999991472,112.68717799991188,4
300,-7.25013199998385,112.71726899983591,2
301,-7.256576999984751,112.69053299990341,3
302,-7.302247999991135,112.75467799974146,2
303,-7.341094999996565,112.77426299969201,5
304,-7.2556579999846225,112.73946499977987,1
305,-7.360834999999324,112.73187899979902,3
306,-7.322435999993957,112.70421899986886,2
307,-7.238948999982287,112.77736899968417,5
308,-7.354992999998507,112.66032599997968,5
309,-7.263762999985755,112.74885699975616,1
310,-7.301808999991073,112.75986699972836,5
311,-7.341817999996666,112.6617049999762,5
312,-7.314326999992823,112.78491799966511,3
313,-7.266198999986096,112.6899409999049,1
314,-7.303413999991298,112.72795999980892,2
315,-7.29327099998988,112.65788399998584,1
316,-7.316552999993134,112.66500699996786,1
317,-7.274697999987284,112.71046499985309,5
318,-7.332251999995329,112.7020619998743,4
319,-7.3652389999999395,112.75639799973712,3
320,-7.364362999999817,112.78213199967215,4
321,-7.346230999997283,112.77044099970166,5
322,-7.3401779999964365,112.7336309997946,2
323,-7.272485999986975,112.72953599980494,1
324,-7.348651999997621,112.7897939996528,4
325,-7.306771999991767,112.73883599978146,3
326,-7.241722999982675,112.7008769998773,5
327,-7.355575999998589,112.70461299986786,1
328,-7.31981299999359,112.72530899981561,5
329,-7.336849999995971,112.65826899998487,4
330,-7.289034999989288,112.76128299972478,1
331,-7.337169999996016,112.7213919998255,5
332,-7.279063999987894,112.75668699973639,2
333,-7.325470999994381,112.69890299988228,3
334,-7.269073999986498,112.71002899985419,1
335,-7.288471999989209,112.670495999954,1
336,-7.2867429999889675,112.70628599986364,1
337,-7.345896999997236,112.7338269997941,5
338,-7.312641999992588,112.72442699981784,5
339,-7.320475999993683,112.68762599991075,1
340,-7.243861999982974,112.77902099968,4
341,-7.3474749999974565,112.70913399985645,1
342,-7.271215999986797,112.78028399967681,1
343,-7.34435299999702,112.7811999996745,1
344,-7.356804999998761,112.73871799978176,5
345,-7.268409999986405,112.68880799990777,4
346,-7.360771999999315,112.66215399997506,3
347,-7.349311999997713,112.78767499965815,5
348,-7.289748999989388,112.6561979999901,5
349,-7.365111999999922,112.77037499970183,5
350,-7.347942999997522,112.66186599997579,4
351,-7.292068999989712,112.69952099988072,5
352,-7.254431999984451,112.68200199992495,1
353,-7.2577189999849105,112.65556899999169,4
354,-7.318202999993365,112.76698999971038,2
355,-7.34592599999724,112.67852299993373,4
356,-7.335154999995734,112.77391899969288,3
357,-7.238269999982192,112.77239999969672,3
358,-7.2950419999901275,112.74194499977361,1
359,-7.348024999997533,112.66871699995849,1
360,-7.246140999983292,112.78952799965347,3
361,-7.2783919999878,112.67451299994386,3
362,-7.301744999991064,112.71928099983083,4
363,-7.350727999997911,112.69051399990346,4
364,-7.234050999981602,112.73607499978843,1
365,-7.351315999997993,112.76854799970644,5
366,-7.259498999985159,112.75575399973874,1
367,-7.305697999991617,112.70076299987758,5
368,-7.33076099999512,112.65946399998185,5
369,-7.2725419999869825,112.75197699974828,1
370,-7.331035999995159,112.70656099986294,4
371,-7.3383749999961845,112.76659799971137,3
372,-7.230480999981103,112.7066969998626,5
373,-7.349567999997749,112.68076799992807,4
374,-7.305798999991631,112.73371999979437,4
375,-7.3558239999986235,112.7378669997839,4
376,-7.271822999986882,112.69142499990116,5
377,-7.232627999981403,112.66652699996402,5
378,-7.3178779999933194,112.77051999970146,1
379,-7.336706999995951,112.67060199995373,3
380,-7.288947999989276,112.69819099988408,5
381,-7.347836999997507,112.7337069997944,3
382,-7.327588999994677,112.77902799967998,3
383,-7.276925999987595,112.75790399973332,2
384,-7.26036499998528,112.77595899968773,1
385,-7.3537279999983305,112.67088299995302,3
386,-7.262302999985551,112.76041699972697,2
387,-7.228913999980884,112.76599599971289,5
388,-7.262767999985616,112.72005399982888,2
389,-7.363081999999638,112.66753599996147,3
390,-7.338436999996193,112.68719299991184,3
391,-7.303265999991277,112.75903999973045,5
392,-7.338569999996212,112.72253599982261,2
393,-7.241529999982648,112.68541899991632,2
394,-7.251127999983989,112.75258699974674,1
395,-7.346277999997289,112.73867499978186,3
396,-7.338420999996191,112.69613199988927,4
397,-7.2862349999888965,112.78276999967053,3
398,-7.358468999998993,112.69876699988262,5
399,-7.299825999990796,112.7222639998233,5
400,-7.312162999992521,112.73857099978213,2
401,-7.33498099999571,112.7683659997069,1
402,-7.2634779999857155,112.70017299987907,1
403,-7.251724999984073,112.72853199980747,4
404,-7.354051999998376,112.70109199987675,3
405,-7.281063999988174,112.6733879999467,1
406,-7.249026999983696,112.77306299969504,5
407,-7.321439999993817,112.70436499986849,1
408,-7.330479999995081,112.74587399976369,4
409,-7.249778999983801,112.75304999974557,5
410,-7.294607999990067,112.73618199978816,5
411,-7.271813999986881,112.73518099979069,3
412,-7.357710999998887,112.73831599978277,1
413,-7.250788999983942,112.69709399988685,1
414,-7.249192999983719,112.77735399968421,3
415,-7.304618999991466,112.6637249999711,5
416,-7.2604369999852905,112.74854799975694,3
417,-7.3413659999966026,112.67393599994531,3
418,-7.288210999989173,112.78817399965689,5
419,-7.331603999995238,112.68830599990903,5
420,-7.240074999982444,112.68059899992849,5
421,-7.255370999984582,112.69858499988308,2
422,-7.2988699999906625,112.69262499989813,3
423,-7.329537999994949,112.76506199971524,2
424,-7.286396999988919,112.73181399979919,5
425,-7.277910999987733,112.7225819998225,5
426,-7.339195999996299,112.74567899976418,5
427,-7.2767919999875765,112.72787299980914,1
428,-7.349536999997745,112.777038999685,3
429,-7.26579999998604,112.77352399969388,3
430,-7.243797999982965,112.71777399983463,5
431,-7.263556999985727,112.75160099974923,2
432,-7.327973999994731,112.68506299991722,2
433,-7.2740799999871975,112.65482299999357,3
434,-7.263538999985724,112.74756799975941,4
435,-7.282060999988313,112.75725599973495,5
436,-7.33720099999602,112.72227299982328,3
437,-7.305282999991559,112.7134699998455,4
438,-7.2322349999813484,112.77239399969673,4
439,-7.301203999990989,112.68354699992105,5
440,-7.231618999981262,112.72021699982847,5
441,-7.234136999981614,112.73962899977946,1
442,-7.308086999991951,112.75603999973802,4
443,-7.232069999981325,112.72740399981032,1
444,-7.341903999996678,112.72266999982227,2
445,-7.291752999989668,112.72148699982526,4
446,-7.347969999997526,112.69278299989773,2
447,-7.2722269999869384,112.73821299978303,2
448,-7.35372399999833,112.71813999983371,4
449,-7.32603899999446,112.73643799978751,3
450,-7.243465999982918,112.7255879998149,3
451,-7.362503999999557,112.67630399993934,3
452,-7.231449999981239,112.74751999975953,3
453,-7.2366139999819605,112.78170099967323,5
454,-7.256460999984735,112.65670799998881,5
455,-7.359245999999102,112.77476599969074,3
456,-7.251476999984038,112.6694649999566,1
457,-7.294043999989988,112.73449599979241,3
458,-7.242385999982767,112.73392099979387,3
459,-7.2765699999875455,112.7438509997688,1
460,-7.227225999980648,112.65635899998969,1
461,-7.339806999996385,112.66148599997675,5
462,-7.321684999993852,112.77447199969149,3
463,-7.325712999994415,112.74465999976675,2
464,-7.259300999985132,112.76533299971456,4
465,-7.307402999991855,112.7666639997112,2
466,-7.280061999988034,112.71627299983842,2
467,-7.282858999988425,112.683563999921,1
468,-7.249120999983709,112.76663299971128,5
469,-7.27502999998733,112.69577699989017,5
470,-7.267335999986255,112.68726199991167,5
471,-7.29376999998995,112.65426399999498,4
472,-7.354047999998375,112.7864259996613,1
473,-7.3549729999985045,112.7393729997801,1
474,-7.357019999998791,112.67187099995053,5
475,-7.2971309999904195,112.68158099992601,1
476,-7.307903999991925,112.78886599965514,2
477,-7.303268999991277,112.67229499994946,5
478,-7.349183999997695,112.69942499988096,3
479,-7.362590999999569,112.7571589997352,5
480,-7.304739999991483,112.79049699965103,4
481,-7.305785999991629,112.75111599975045,1
482,-7.344471999997037,112.77295299969532,5
483,-7.230215999981066,112.775850999688,4
484,-7.3572339999988206,112.75157799974929,1
485,-7.262048999985516,112.72706399981118,4
486,-7.3309849999951515,112.77479399969067,4
487,-7.285952999988857,112.6630099999729,3
488,-7.314968999992913,112.74754599975947,3
489,-7.294863999990103,112.73325699979554,2
490,-7.228565999980836,112.7359249997888,2
491,-7.318837999993454,112.69537799989118,3
492,-7.328023999994738,112.77045099970164,2
493,-7.325226999994347,112.73602599978855,2
494,-7.2926999999898,112.67299899994768,2
495,-7.230574999981116,112.68310399992217,2
496,-7.36473999999987,112.68721899991178,3
497,-7.283780999988553,112.67943499993143,4
498,-7.312990999992636,112.70327399987124,3
499,-7.339276999996311,112.67916599993211,2
500,-7.291776999989671,112.6818649999253,5
501,-7.335846999995831,112.733865999794,2
502,-7.269127999986505,112.68542099991632,5
503,-7.259352999985139,112.68309799992218,2
504,-7.2880599999891515,112.75452099974186,1
505,-7.299841999990798,112.68494499991752,1
506,-7.285145999988744,112.7850809996647,3
507,-7.296211999990291,112.79059999965077,5
508,-7.295069999990131,112.65601799999055,4
509,-7.314128999992795,112.78613099966205,5
510,-7.3577629999988945,112.6738249999456,4
511,-7.277941999987737,112.66136199997706,2
512,-7.363445999999689,112.71003699985417,5
513,-7.305048999991526,112.7191339998312,4
514,-7.3581639999989505,112.76786999970815,5
515,-7.358677999999022,112.65941399998198,1
516,-7.354605999998453,112.66549399996663,5
517,-7.339338999996319,112.69095899990234,1
518,-7.229117999980913,112.71926299983087,2
519,-7.25134699998402,112.67463099994356,4
520,-7.326776999994563,112.65370499999639,3
521,-7.297887999990525,112.7262249998133,4
522,-7.259056999985098,112.75134799974987,2
523,-7.255626999984618,112.70031199987872,4
524,-7.251527999984045,112.77143699969915,3
525,-7.30901199999208,112.73513899979079,4
526,-7.259255999985125,112.77875599968067,4
527,-7.307965999991934,112.71808799983384,5
528,-7.303368999991291,112.73011699980347,5
529,-7.258847999985068,112.75589399973839,1
530,-7.350781999997919,112.70811599985902,4
531,-7.297549999990478,112.68581799991532,5
532,-7.248137999983571,112.75935199972966,1
533,-7.359297999999109,112.66945399995663,4
534,-7.230149999981057,112.66557599996642,1
535,-7.267092999986221,112.67991199993023,4
536,-7.296494999990331,112.69606699988944,1
537,-7.320694999993713,112.68316499992201,5
538,-7.362430999999547,112.67428899994442,3
539,-7.364971999999902,112.6928749998975,1
540,-7.261081999985381,112.68919799990678,3
541,-7.257873999984932,112.69559199989064,2
542,-7.362184999999513,112.65415599999525,5
543,-7.281202999988193,112.71696199983668,1
544,-7.278138999987765,112.73744899978496,3
545,-7.308638999992028,112.76747799970914,5
546,-7.272000999986907,112.73037499980282,4
547,-7.278792999987856,112.7360889997884,4
548,-7.237805999982127,112.71765499983493,4
549,-7.358724999999029,112.74926299975513,1
550,-7.265734999986031,112.74550899976461,3
551,-7.280951999988158,112.76077899972606,4
552,-7.33340399999549,112.7584639997319,2
553,-7.296718999990362,112.77876999968063,2
554,-7.247992999983551,112.73421999979311,4
555,-7.258052999984957,112.75072399975144,2
556,-7.277262999987642,112.74070999977673,2
557,-7.24426299998303,112.6964379998885,1
558,-7.304899999991505,112.68259599992345,5
559,-7.3089429999920705,112.76716799970993,1
560,-7.318438999993398,112.65853099998421,2
561,-7.325632999994403,112.71670699983733,2
562,-7.327436999994656,112.65802799998548,2
563,-7.35751899999886,112.69556299989071,4
564,-7.311449999992421,112.78875299965543,1
565,-7.345575999997191,112.68635999991395,1
566,-7.247937999983543,112.69277799989774,1
567,-7.288564999989222,112.73079899980175,5
568,-7.331574999995234,112.76965099970366,4
569,-7.234551999981672,112.69412799989433,1
570,-7.280560999988103,112.77930499967928,2
571,-7.238434999982215,112.67718199993712,5
572,-7.323878999994158,112.77317199969477,2
573,-7.321345999993804,112.78835299965644,3
574,-7.359423999999127,112.73873099978172,4
575,-7.265760999986035,112.77730699968433,3
576,-7.339508999996343,112.77212499969741,4
577,-7.298930999990671,112.679209999932,4
578,-7.312692999992595,112.73737199978515,2
579,-7.357350999998837,112.70237199987352,3
580,-7.232904999981442,112.77055999970136,1
581,-7.310923999992347,112.70513699986654,2
582,-7.339967999996407,112.7632179997199,1
583,-7.330609999995099,112.70857799985785,4
584,-7.2921879999897286,112.7512179997502,3
585,-7.254074999984401,112.74396299976851,5
586,-7.304160999991402,112.7539079997434,1
587,-7.264575999985869,112.68205799992481,4
588,-7.346777999997359,112.72991299980399,2
589,-7.230850999981155,112.78716699965943,2
590,-7.272804999987019,112.66366199997125,1
591,-7.268178999986373,112.75817399973263,2
592,-7.26916299998651,112.73135099980036,5
593,-7.311538999992433,112.68197499992502,2
594,-7.241514999982646,112.74126299977533,1
595,-7.2941689999900055,112.72758899980985,3
596,-7.310087999992231,112.6565149999893,5
597,-7.3336679999955265,112.68654699991347,3
598,-7.259045999985096,112.75288999974597,2
599,-7.273366999987098,112.77298599969524,2
600,-7.256911999984798,112.66089499997824,5
601,-7.2441829999830185,112.78207899967228,3
602,-7.28733299998905,112.74560899976436,3
603,-7.335292999995754,112.65285699999853,3
604,-7.245321999983178,112.69175499990033,3
605,-7.336251999995888,112.72962099980472,3
606,-7.340768999996519,112.709310999856,5
607,-7.349693999997767,112.7287559998069,2
608,-7.273211999987076,112.66892499995797,5
609,-7.228838999980874,112.77852499968125,2
610,-7.239790999982405,112.75476899974123,1
611,-7.25091599998396,112.65266799999901,5
612,-7.253947999984383,112.72965599980463,3
613,-7.254220999984422,112.74213899977312,2
614,-7.334710999995672,112.72587699981418,3
615,-7.344250999997006,112.73660499978709,3
616,-7.347003999997391,112.77522399968959,4
617,-7.3321649999953165,112.68080999992796,1
618,-7.2810199999881675,112.70488299986718,3
619,-7.361215999999377,112.69286599989752,3
620,-7.304050999991387,112.7116089998502,3
621,-7.357768999998895,112.70186999987479,5
622,-7.266021999986071,112.76378099971848,3
623,-7.318509999993408,112.66522199996732,3
624,-7.356856999998768,112.66063699997889,1
625,-7.339751999996377,112.77916499967964,1
626,-7.340852999996531,112.76261499972142,2
627,-7.2432459999828875,112.66879999995828,1
628,-7.2370859999820265,112.72674899981197,3
629,-7.292508999989773,112.65483399999354,4
630,-7.29169999998966,112.78940499965378,4
631,-7.337013999995994,112.69466899989297,3
632,-7.264211999985818,112.76729999970959,2
633,-7.362544999999563,112.7740319996926,4
634,-7.357453999998851,112.75764699973396,1
635,-7.259708999985189,112.70957099985534,4
636,-7.2751319999873445,112.73048499980254,1
637,-7.307408999991856,112.6632449999723,5
638,-7.303920999991369,112.67387799994546,2
639,-7.295216999990152,112.74421699976787,3
640,-7.334251999995608,112.73723099978551,3
641,-7.289954999989416,112.7632159997199,2
642,-7.349673999997764,112.70482599986732,1
643,-7.3114039999924145,112.6881219999095,5
644,-7.34327899999687,112.74398299976846,1
645,-7.264324999985834,112.66267599997374,4
646,-7.337137999996012,112.78509099966467,3
647,-7.234518999981668,112.76764999970871,1
648,-7.277568999987685,112.78926499965414,5
649,-7.241765999982681,112.72986299980411,1
650,-7.344826999997086,112.78968299965308,4
651,-7.3491849999976955,112.69146699990105,4
652,-7.3654039999999625,112.68781299991028,4
653,-7.306297999991701,112.74610399976311,1
654,-7.342584999996773,112.78110599967474,4
655,-7.300459999990885,112.67743499993648,5
656,-7.35579699999862,112.66768899996109,1
657,-7.314225999992809,112.70193699987462,3
658,-7.34198999999669,112.75413599974283,1
659,-7.231209999981205,112.69089899990249,5
660,-7.275232999987359,112.69788299988485,4
661,-7.3058159999916334,112.6533869999972,2
662,-7.29141199998962,112.76506199971524,3
663,-7.288855999989263,112.70923599985619,3
664,-7.257136999984829,112.71555399984024,2
665,-7.243387999982907,112.76106699972533,4
666,-7.348802999997642,112.71181099984969,1
667,-7.2436679999829465,112.75765899973393,4
668,-7.355930999998638,112.7722489996971,5
669,-7.353356999998279,112.74904699975568,5
670,-7.25749999998488,112.77071699970097,1
671,-7.236887999981999,112.70706299986168,2
672,-7.253075999984262,112.6986569998829,1
673,-7.258329999984996,112.65493399999329,1
674,-7.312738999992601,112.74071399977672,2
675,-7.246404999983329,112.71671399983731,1
676,-7.23961499998238,112.71065299985261,5
677,-7.245395999983188,112.78570599966312,5
678,-7.245363999983184,112.69043699990365,4
679,-7.359707999999166,112.66268299997373,4
680,-7.2790309999878895,112.72526999981571,4
681,-7.267618999986294,112.65238999999971,1
682,-7.3630789999996376,112.68794499990994,1
683,-7.299658999990773,112.74933399975495,1
684,-7.361931999999477,112.77859999968106,5
685,-7.311282999992398,112.6908119999027,4
686,-7.3106379999923075,112.71145899985058,4
687,-7.3650819999999175,112.7642479997173,4
688,-7.247282999983452,112.6995289998807,4
689,-7.2888749999892655,112.71997899982907,5
690,-7.246759999983379,112.67890499993277,1
691,-7.264288999985829,112.75973899972868,1
692,-7.3112679999923955,112.76881299970577,3
693,-7.353585999998311,112.65489899999338,5
694,-7.361129999999365,112.73794299978371,3
695,-7.229184999980922,112.77933199967921,3
696,-7.334705999995672,112.78367899966824,1
697,-7.260553999985307,112.70695399986195,1
698,-7.289231999989315,112.70556599986546,5
699,-7.257831999984926,112.72609099981364,2
700,-7.303401999991296,112.68940999990625,4
701,-7.305483999991587,112.69684499988747,4
702,-7.360350999999256,112.69087999990253,3
703,-7.2287009999808545,112.75090399975099,4
704,-7.228907999980883,112.74265499977182,4
705,-7.331367999995205,112.76013299972769,4
706,-7.269667999986581,112.66219799997495,5
707,-7.271045999986773,112.65340199999716,4
708,-7.283524999988518,112.74040999977748,2
709,-7.304737999991483,112.679607999931,4
710,-7.268833999986464,112.77057399970133,1
711,-7.258092999984963,112.69280699989767,5
712,-7.229558999980974,112.67032799995442,5
713,-7.238338999982202,112.75080999975123,4
714,-7.280120999988042,112.7763269996868,1
715,-7.298222999990572,112.70062999987792,5
716,-7.327448999994657,112.71926699983086,5
717,-7.307204999991828,112.75402199974312,3
718,-7.304124999991397,112.6925979998982,3
719,-7.325111999994331,112.72751299981005,1
720,-7.323698999994133,112.68536199991647,1
721,-7.345666999997204,112.65870199998378,2
722,-7.323783999994145,112.69907899988183,3
723,-7.242161999982736,112.65887799998333,3
724,-7.293312999989886,112.79023499965169,1
725,-7.311881999992481,112.69541199989109,2
726,-7.2273629999806674,112.67665599993845,2
727,-7.308315999991983,112.68712099991203,2
728,-7.271441999986829,112.70860199985779,2
729,-7.333876999995556,112.68349699992118,2
730,-7.334850999995692,112.74463599976681,2
731,-7.282382999988358,112.66677699996339,1
732,-7.290601999989507,112.6806329999284,4
733,-7.291966999989698,112.67947299993133,2
734,-7.2822219999883355,112.66753899996147,1
735,-7.305661999991612,112.68779399991033,4
736,-7.283017999988447,112.77396099969278,3
737,-7.2465579999833505,112.68777699991037,3
738,-7.30936999999213,112.75140799974972,5
739,-7.297862999990522,112.76962699970372,3
740,-7.361772999999455,112.77729099968437,1
741,-7.350711999997909,112.77414299969232,5
742,-7.306519999991732,112.74573999976403,4
743,-7.294357999990032,112.78780999965781,4
744,-7.251327999984017,112.76352999971911,5
745,-7.239657999982386,112.71892499983173,5
746,-7.293026999989846,112.74162399977442,2
747,-7.298872999990663,112.71351399984539,5
748,-7.232167999981339,112.73710099978584,2
749,-7.267264999986245,112.73738499978512,3
750,-7.304092999991393,112.753273999745,3
751,-7.3150669999929265,112.71891199983176,5
752,-7.346074999997261,112.72690799981157,3
753,-7.251382999984025,112.66915799995738,1
754,-7.292024999989706,112.7406779997768,3
755,-7.244737999983096,112.68161499992593,3
756,-7.279754999987991,112.67926999993185,4
757,-7.295627999990209,112.72139499982549,2
758,-7.266578999986149,112.72622899981329,1
759,-7.2804189999880835,112.71201699984917,4
760,-7.249314999983736,112.74961299975425,3
761,-7.271636999986856,112.7108579998521,5
762,-7.3135499999927145,112.69061199990321,2
763,-7.345668999997204,112.71131399985094,2
764,-7.2687149999864475,112.77312799969488,4
765,-7.315561999992996,112.70009599987927,1
766,-7.318053999993344,112.76134699972462,3
767,-7.3530699999982385,112.66002399998044,4
768,-7.2569529999848035,112.76120099972499,4
769,-7.330958999995148,112.76232899972214,1
770,-7.321753999993861,112.68032699992918,4
771,-7.251795999984083,112.75804899973295,3
772,-7.244114999983009,112.78117099967457,1
773,-7.228249999980791,112.73114699980087,1
774,-7.251047999983978,112.70602099986431,5
775,-7.233381999981509,112.68288399992272,4
776,-7.316402999993113,112.74590099976362,4
777,-7.333534999995508,112.75342099974463,3
778,-7.258580999985031,112.69929799988128,2
779,-7.282910999988432,112.77439599969168,4
780,-7.313030999992642,112.65917999998257,2
781,-7.305834999991636,112.70976499985485,3
782,-7.3052729999915575,112.7116099998502,2
783,-7.283626999988532,112.78787699965764,5
784,-7.328596999994818,112.71946999983035,5
785,-7.356605999998733,112.78540099966389,5
786,-7.3091509999921,112.67548099994141,1
787,-7.237274999982053,112.74675399976147,2
788,-7.321661999993848,112.69510899989186,2
789,-7.230361999981087,112.70132099987617,5
790,-7.294452999990045,112.73322799979562,4
791,-7.2865999999889475,112.72262399982239,5
792,-7.309589999992161,112.70332499987111,1
793,-7.277451999987669,112.6880409999097,3
794,-7.297390999990456,112.78594299966252,3
795,-7.251945999984104,112.68361199992088,2
796,-7.313859999992758,112.66291899997313,1
797,-7.275767999987433,112.6988539998824,2
798,-7.288077999989154,112.72740799981031,3
799,-7.235290999981776,112.66409899997015,3
800,-7.357718999998888,112.78188899967276,1
801,-7.357335999998835,112.65642299998953,3
802,-7.341814999996665,112.69598399988965,4
803,-7.247291999983453,112.71051799985295,1
804,-7.277574999987686,112.73894999978117,3
805,-7.312307999992541,112.71963199982994,5
806,-7.261887999985493,112.74174599977411,3
807,-7.24562699998322,112.67397499994522,2
808,-7.32639299999451,112.77150899969897,3
809,-7.236028999981879,112.72601999981381,4
810,-7.355714999998608,112.67805399993492,2
811,-7.3042779999914185,112.69327999989648,1
812,-7.343072999996841,112.71254499984784,4
813,-7.257171999984834,112.73235799979781,2
814,-7.317589999993279,112.72006999982884,4
815,-7.3327519999953985,112.65369399999642,4
816,-7.290128999989441,112.71139499985074,5
817,-7.297821999990516,112.77614599968726,4
818,-7.241805999982686,112.70670499986258,1
819,-7.323958999994169,112.6885589999084,2
820,-7.330335999995061,112.74081699977646,2
821,-7.3069179999917875,112.70892999985696,3
822,-7.333235999995466,112.77761499968355,3
823,-7.359667999999161,112.7592979997298,4
824,-7.314131999992796,112.7810829996748,5
825,-7.347793999997501,112.72707499981115,1
826,-7.261885999985493,112.66931999995697,4
827,-7.304411999991437,112.69782199988501,1
828,-7.282735999988407,112.67810599993479,4
829,-7.307513999991871,112.6640409999703,4
830,-7.293537999989917,112.78855999965592,1
831,-7.238156999982176,112.73132699980042,3
832,-7.315151999992938,112.76758699970887,5
833,-7.237224999982046,112.7485639997569,1
834,-7.288773999989251,112.70223499987387,4
835,-7.355254999998544,112.76516199971499,4
836,-7.341309999996595,112.76984099970318,5
837,-7.277262999987642,112.75955899972914,3
838,-7.3292889999949145,112.70017199987907,3
839,-7.35758999999887,112.73120099980073,5
840,-7.231336999981223,112.71396299984426,2
841,-7.33841399999619,112.67720299993707,5
842,-7.290903999989549,112.77738399968413,2
843,-7.270082999986639,112.6858229999153,5
844,-7.281306999988208,112.67612799993978,5
845,-7.231552999981253,112.73207299979853,1
846,-7.364936999999897,112.68034899992912,3
847,-7.343648999996922,112.77433199969184,2
848,-7.329941999995006,112.72993799980392,4
849,-7.313279999992677,112.75182399974867,3
850,-7.318245999993371,112.78610399966212,3
851,-7.2641649999858116,112.70053099987817,5
852,-7.301341999991008,112.69590799988984,1
853,-7.230665999981129,112.78938799965383,3
854,-7.269367999986539,112.78259799967097,4
855,-7.246583999983354,112.72665599981221,1
856,-7.36524299999994,112.76299899972045,1
857,-7.316573999993137,112.7765679996862,3
858,-7.356734999998751,112.71826899983338,4
859,-7.287984999989141,112.75525899974,1
860,-7.295028999990126,112.69883999988244,1
861,-7.261247999985404,112.72299199982146,5
862,-7.267269999986246,112.66977599995582,4
863,-7.248743999983656,112.65578299999115,2
864,-7.327617999994681,112.75728399973488,3
865,-7.23338999998151,112.66387299997072,2
866,-7.252454999984175,112.65761899998651,1
867,-7.356190999998675,112.6977849998851,2
868,-7.313126999992655,112.76735499970945,5
869,-7.365500999999976,112.7395299997797,2
870,-7.287233999989036,112.75912199973024,1
871,-7.2559299999846605,112.78296299967005,4
872,-7.3295469999949505,112.76564899971376,2
873,-7.2392389999823274,112.78790899965756,1
874,-7.259445999985152,112.72320599982092,1
875,-7.2892329999893155,112.73922399978048,4
876,-7.239270999982332,112.75104299975064,3
877,-7.231993999981315,112.65570799999134,2
878,-7.355045999998515,112.75223299974763,1
879,-7.319379999993529,112.67654599993872,2
880,-7.280371999988077,112.7879719996574,3
881,-7.2800039999880255,112.7484419997572,3
882,-7.276976999987602,112.78910699965454,5
883,-7.3269139999945825,112.7505809997518,3
884,-7.264957999985922,112.73005299980363,5
885,-7.362085999999499,112.69545599989098,2
886,-7.264406999985845,112.7383029997828,5
887,-7.347538999997465,112.71078099985229,1
888,-7.339361999996322,112.69059599990325,1
889,-7.306954999991793,112.73368599979446,4
890,-7.234379999981648,112.73917999978059,5
891,-7.307921999991928,112.71072799985242,3
892,-7.314035999992782,112.73891899978125,5
893,-7.290572999989503,112.67889899993278,4
894,-7.236653999981966,112.69114299990187,5
895,-7.3402069999964406,112.69416199989425,1
896,-7.2557939999846415,112.6527499999988,2
897,-7.2955929999902045,112.77646799968645,4
898,-7.262322999985554,112.74187599977378,3
899,-7.309232999992111,112.76493399971557,2
900,-7.329333999994921,112.67272599994837,1
901,-7.300970999990956,112.7349389997913,1
902,-7.245619999983219,112.76110399972524,3
903,-7.243501999982923,112.7867859996604,5
904,-7.337041999995998,112.7004789998783,5
905,-7.345834999997227,112.73028599980304,2
906,-7.28132699998821,112.76594399971302,5
907,-7.320641999993706,112.71251099984792,1
908,-7.358595999999011,112.73712799978577,3
909,-7.326247999994489,112.75009199975304,2
910,-7.32525199999435,112.7117269998499,4
911,-7.307242999991833,112.70053399987816,1
912,-7.264924999985918,112.70553499986553,2
913,-7.365571999999986,112.79020799965176,2
914,-7.350570999997889,112.73186199979907,5
915,-7.2312269999812075,112.69524599989151,4
916,-7.230276999981075,112.77040299970176,2
917,-7.262995999985648,112.69715499988669,1
918,-7.361853999999466,112.78621999966182,1
919,-7.33726699999603,112.73041899980271,5
920,-7.3407429999965155,112.74562699976431,4
921,-7.230717999981136,112.66158099997651,1
922,-7.230857999981156,112.70189299987473,3
923,-7.271858999986887,112.66614299996499,3
924,-7.239150999982315,112.71730799983581,3
925,-7.287249999989038,112.71019399985377,4
926,-7.233998999981595,112.68586999991518,1
927,-7.283248999988479,112.77443899969157,1
928,-7.289450999989346,112.72386699981925,5
929,-7.2945269999900555,112.77604499968751,2
930,-7.280880999988148,112.6867719999129,5
931,-7.333539999995509,112.75292899974588,4
932,-7.312670999992592,112.67654699993872,3
933,-7.340088999996424,112.65233799999984,4
934,-7.3394269999963315,112.76494099971555,2
935,-7.316214999993087,112.71002899985419,1
936,-7.281328999988211,112.7577539997337,3
937,-7.246467999983338,112.6654279999668,3
938,-7.228552999980834,112.65518999999264,2
939,-7.346761999997357,112.76467299971623,1
940,-7.3208329999937325,112.75875899973116,2
941,-7.237978999982151,112.76251599972167,2
942,-7.238996999982294,112.77947399967886,1
943,-7.262306999985552,112.78195599967259,1
944,-7.2864929999889325,112.69583399989003,3
945,-7.278452999987809,112.78276899967054,4
946,-7.250882999983955,112.736639999787,3
947,-7.33140299999521,112.76273199972113,3
948,-7.309847999992197,112.75926199972989,2
949,-7.317749999993302,112.74979899975378,2
950,-7.256449999984733,112.77620099968712,3
951,-7.261139999985389,112.7176709998349,1
952,-7.25914899998511,112.73800499978356,2
953,-7.242363999982764,112.74540499976487,2
954,-7.320797999993728,112.71719899983609,3
955,-7.334005999995574,112.73701099978607,3
956,-7.286643999988954,112.69494999989226,1
957,-7.235271999981773,112.65853899998419,1
958,-7.319572999993556,112.71075299985236,2
959,-7.285123999988741,112.76373699971859,1
960,-7.244544999983069,112.69383899989506,1
961,-7.247371999983464,112.71911799983124,5
962,-7.338749999996237,112.75364299974407,2
963,-7.269356999986537,112.78164099967339,1
964,-7.304308999991423,112.73804499978345,2
965,-7.235914999981863,112.75003099975319,2
966,-7.279101999987899,112.65379099999618,5
967,-7.252958999984245,112.66330199997216,3
968,-7.268009999986349,112.65664399998897,3
969,-7.267926999986337,112.76097599972556,4
970,-7.239981999982431,112.66335899997202,3
971,-7.280439999988086,112.6895889999058,4
972,-7.295693999990219,112.67817099993462,2
973,-7.298827999990657,112.68923399990669,1
974,-7.311055999992366,112.76909499970506,1
975,-7.309801999992191,112.70730999986105,1
976,-7.309897999992204,112.65835699998465,3
977,-7.32360299999412,112.7436529997693,4
978,-7.262948999985642,112.70451399986811,1
979,-7.340071999996422,112.72357699981998,2
980,-7.279469999987951,112.67095499995284,2
981,-7.264398999985844,112.73421999979311,3
982,-7.316651999993148,112.73144299980012,1
983,-7.296285999990301,112.73833499978272,4
984,-7.316316999993101,112.7667829997109,1
985,-7.23481999998171,112.68496099991748,1
986,-7.283284999988484,112.71844099983295,3
987,-7.313530999992712,112.77922799967948,1
988,-7.2466079999833575,112.70105199987685,4
989,-7.277944999987738,112.77879099968058,5
990,-7.29820499999057,112.77012499970246,2
991,-7.284456999988648,112.75110399975048,1
992,-7.344128999996989,112.77483499969057,1
993,-7.321298999993798,112.78330299966919,5
994,-7.318552999993414,112.72092299982668,4
995,-7.24648499998334,112.66002599998043,3
996,-7.3614329999994075,112.69697199988715,3
997,-7.273254999987082,112.6794889999313,3
998,-7.341232999996584,112.77972099967823,1
999,-7.231729999981278,112.69752799988575,1
1000,-7.264408999985846,112.65857799998409,4
1001,-7.259867999985211,112.70473099986756,2
1002,-7.323262999994072,112.7642889997172,2
1003,-7.311681999992453,112.77895399968017,4
1004,-7.304436999991441,112.68548999991614,1
1005,-7.294222999990013,112.70831199985852,3
1006,-7.331448999995216,112.7565219997368,2
1007,-7.259997999985229,112.70869699985755,5
1008,-7.341438999996613,112.69236499989879,1
1009,-7.332038999995299,112.70636799986343,5
1010,-7.247547999983489,112.70203499987437,4
1011,-7.34735799999744,112.76952199970398,4
1012,-7.342880999996814,112.74485699976626,3
1013,-7.28947999998935,112.70402699986934,5
1014,-7.304232999991412,112.6754439999415,4
1015,-7.301465999991025,112.765950999713,3
1016,-7.351419999998008,112.74635499976247,1
1017,-7.337677999996087,112.767535999709,3
1018,-7.336605999995937,112.71687299983691,1
1019,-7.256841999984788,112.74477099976647,5
1020,-7.363847999999745,112.75558699973917,3
1021,-7.349201999997698,112.75940999972951,4
1022,-7.255394999984586,112.7513769997498,3
1023,-7.325421999994374,112.77508799968993,5
1024,-7.310850999992337,112.76399799971793,3
1025,-7.240809999982547,112.78780099965783,5
1026,-7.2548569999845105,112.74742199975978,2
1027,-7.357721999998889,112.67727299993689,5
1028,-7.262757999985615,112.66552999996654,1
1029,-7.245599999983217,112.70531799986608,1
1030,-7.228905999980883,112.70302199987188,4
1031,-7.299715999990781,112.72193199982414,3
1032,-7.3546939999984655,112.78300699966994,2
1033,-7.241743999982678,112.77298099969525,2
1034,-7.325778999994424,112.76905399970516,1
1035,-7.318499999993406,112.75490399974089,5
1036,-7.3473319999974365,112.73613899978827,5
1037,-7.283061999988453,112.68353299992108,2
1038,-7.246706999983371,112.74423499976783,2
1039,-7.280862999988146,112.77451099969139,5
1040,-7.350454999997873,112.76908699970508,3
1041,-7.338132999996151,112.66326299997226,2
1042,-7.250078999983843,112.74950699975452,1
1043,-7.353075999998239,112.69432799989383,5
1044,-7.308732999992041,112.73517199979071,2
1045,-7.228578999980837,112.69827099988387,2
1046,-7.344951999997104,112.75444099974206,2
1047,-7.310607999992303,112.76949099970406,4
1048,-7.288111999989159,112.66325599997228,1
1049,-7.35264999999818,112.65479699999364,5
1050,-7.301163999990983,112.74546599976472,3
1051,-7.285809999988837,112.78722399965929,1
1052,-7.2539409999843825,112.68907899990708,4
1053,-7.313452999992701,112.77355999969379,4
1054,-7.272085999986919,112.6705349999539,1
1055,-7.334208999995602,112.70356099987052,3
1056,-7.297897999990527,112.73720999978556,2
1057,-7.322210999993925,112.67634699993923,2
1058,-7.298501999990611,112.70744499986071,4
1059,-7.332389999995348,112.69659399988811,4
1060,-7.314108999992793,112.70522699986631,2
1061,-7.302063999991109,112.73192099979892,1
1062,-7.301190999990987,112.70116399987657,1
1063,-7.236150999981896,112.78547099966372,3
1064,-7.283763999988551,112.74915099975541,1
1065,-7.2763549999875154,112.6660579999652,4
1066,-7.309215999992109,112.65609899999035,4
1067,-7.278134999987764,112.70232599987364,3
1068,-7.320576999993697,112.7209959998265,2
1069,-7.333949999995566,112.67104699995261,5
1070,-7.290929999989553,112.72654599981249,2
1071,-7.2938899999899665,112.7079639998594,1
1072,-7.332530999995368,112.74370399976917,3
1073,-7.2792239999879165,112.70263199987286,4
1074,-7.35286899999821,112.72203599982387,2
1075,-7.258184999984976,112.70854999985792,1
1076,-7.322274999993934,112.76316399972004,1
1077,-7.36538899999996,112.7711779996998,1
1078,-7.25535199998458,112.67717099993715,1
1079,-7.338150999996153,112.66657899996389,2
1080,-7.272268999986944,112.69888999988231,2
1081,-7.336870999995974,112.67802999993498,5
1082,-7.262094999985522,112.72993799980392,1
1083,-7.279687999987981,112.70285199987231,3
1084,-7.361479999999414,112.76816099970742,5
1085,-7.35894999999906,112.77774899968321,4
1086,-7.302163999991123,112.74144599977487,3
1087,-7.232431999981376,112.74795599975843,3
1088,-7.31723499999323,112.70508499986667,4
1089,-7.329433999994935,112.76069499972627,1
1090,-7.311505999992429,112.73171999979942,5
1091,-7.301741999991064,112.72025099982838,4
1092,-7.303448999991303,112.77215699969733,2
1093,-7.324561999994254,112.70115799987659,2
1094,-7.306746999991764,112.77654199968626,4
1095,-7.299224999990712,112.7809199996752,5
1096,-7.353568999998308,112.67324399994706,2
1097,-7.336738999995956,112.66683099996325,2
1098,-7.288068999989153,112.7133919998457,1
1099,-7.267523999986281,112.69530799989136,4
1100,-7.308426999991998,112.7413529997751,5
1101,-7.314338999992825,112.78483499966532,2
1102,-7.3095219999921515,112.77155099969886,1
1103,-7.280265999988062,112.71317199984625,3
1104,-7.275326999987372,112.74420999976789,5
1105,-7.328777999994843,112.69161699990067,4
1106,-7.323697999994133,112.7299859998038,4
1107,-7.2888179999892575,112.77633199968679,1
1108,-7.275106999987341,112.7504219997522,4
1109,-7.230549999981113,112.71487099984196,5
1110,-7.362172999999511,112.69024899990413,5
1111,-7.317833999993313,112.68387999992021,2
1112,-7.280743999988129,112.67206899995003,5
1113,-7.282247999988339,112.73467599979196,1
1114,-7.241626999982661,112.77061799970122,3
1115,-7.24583599998325,112.7503429997524,4
1116,-7.324124999994193,112.72370999981965,4
1117,-7.25349199998432,112.67119499995223,2
1118,-7.316279999993096,112.68996599990484,5
1119,-7.2890609999892915,112.75691699973581,1
1120,-7.290878999989546,112.71964099982992,2
1121,-7.349049999997677,112.74080599977648,4
1122,-7.356981999998785,112.7276879998096,3
1123,-7.354018999998371,112.73935299978015,2
1124,-7.266769999986176,112.659006999983,2
1125,-7.3247609999942815,112.67122199995217,1
1126,-7.30886499999206,112.701786999875,2
1127,-7.34313799999685,112.70069899987774,5
1128,-7.276331999987512,112.71707999983639,5
1129,-7.260763999985336,112.74021399977798,1
1130,-7.288057999989151,112.75828799973235,1
1131,-7.324942999994307,112.69079099990276,4
1132,-7.3335599999955114,112.7232539998208,5
1133,-7.318396999993392,112.73567599978944,1
1134,-7.272845999987025,112.74803099975824,4
1135,-7.365109999999921,112.73399599979368,3
1136,-7.360120999999224,112.78952199965349,4
1137,-7.266068999986078,112.67813499993471,4
1138,-7.294396999990037,112.71672199983729,1
1139,-7.269453999986551,112.74109299977576,2
1140,-7.3132209999926685,112.78018899967705,2
1141,-7.265248999985963,112.75156599974932,4
1142,-7.292905999989829,112.75614699973775,3
1143,-7.344868999997092,112.7082789998586,4
1144,-7.259328999985136,112.7451559997655,4
1145,-7.353858999998349,112.7333509997953,5
1146,-7.362352999999536,112.72834399980795,2
1147,-7.240156999982456,112.70712599986152,1
1148,-7.35694099999878,112.67899199993255,3
1149,-7.227068999980626,112.66903899995768,4
1150,-7.362153999999508,112.69613599988926,3
1151,-7.283930999988574,112.71658299983764,5
1152,-7.257949999984943,112.77547099968896,1
1153,-7.31437799999283,112.65349899999691,5
1154,-7.232839999981433,112.68255199992356,5
1155,-7.233267999981493,112.65744699998695,4
1156,-7.3144659999928425,112.77118399969979,5
1157,-7.2864069999889205,112.72772099980952,3
1158,-7.3047359999914825,112.67281799994814,2
1159,-7.278058999987754,112.6615459999766,4
1160,-7.360780999999316,112.68176599992555,5
1161,-7.2605049999853,112.65400099999565,2
1162,-7.321936999993887,112.75473299974132,4
1163,-7.340266999996449,112.75593599973828,4
1164,-7.241110999982589,112.65718399998761,1
1165,-7.246968999983408,112.79020999965175,1
1166,-7.3152669999929545,112.6986579998829,1
1167,-7.332645999995384,112.69201399989967,5
1168,-7.340328999996458,112.7042389998688,1
1169,-7.289674999989377,112.75653399973677,5
1170,-7.328990999994873,112.77232199969691,3
1171,-7.340724999996513,112.72007199982883,4
1172,-7.277286999987646,112.6897859999053,2
1173,-7.327506999994665,112.71278499984723,2
1174,-7.312598999992582,112.70504399986677,2
1175,-7.281207999988194,112.73115099980086,3
1176,-7.31602399999306,112.70894599985692,1
1177,-7.257234999984843,112.69919799988153,1
1178,-7.339744999996376,112.71796299983416,4
1179,-7.351303999997992,112.72333899982058,2
1180,-7.259283999985129,112.65390799999588,5
1181,-7.268509999986419,112.74485599976626,4
1182,-7.323296999994077,112.72952899980496,1
1183,-7.2645219999858615,112.79016599965186,2
1184,-7.247579999983493,112.68361799992087,3
1185,-7.357246999998822,112.68321299992189,3
1186,-7.325495999994384,112.65309399999794,1
1187,-7.262161999985532,112.77801699968254,3
1188,-7.284298999988626,112.71572499983981,4
1189,-7.286569999988943,112.7678539997082,3
1190,-7.291731999989665,112.76987699970309,5
1191,-7.356049999998655,112.7585829997316,4
1192,-7.298500999990611,112.75829099973234,1
1193,-7.358435999998989,112.78015399967714,5
1194,-7.280119999988042,112.73690099978634,2
1195,-7.300517999990893,112.69231199989892,5
1196,-7.28611699998888,112.68275599992305,4
1197,-7.299947999990813,112.70948499985556,1
1198,-7.321880999993879,112.70948599985556,4
1199,-7.321895999993881,112.70032899987868,4
1200,-7.323376999994088,112.75538499973968,5
1201,-7.245395999983188,112.73931999978024,5
1202,-7.2811339999881834,112.75956299972913,2
1203,-7.256481999984738,112.72624499981325,2
1204,-7.354125999998386,112.75544399973953,2
1205,-7.301024999990964,112.66997499995531,5
1206,-7.269316999986532,112.7756169996886,2
1207,-7.265782999986038,112.67858199993358,3
1208,-7.362575999999567,112.75061599975172,4
1209,-7.270172999986651,112.72742599981027,2
1210,-7.289242999989317,112.73854599978219,3
1211,-7.258780999985059,112.73990099977877,4
1212,-7.34055999999649,112.71967599982983,3
1213,-7.299071999990691,112.78045099967639,3
1214,-7.3116399999924475,112.65945099998189,5
1215,-7.238316999982199,112.76402299971787,4
1216,-7.357903999998914,112.74092599977618,1
1217,-7.307408999991856,112.69589899988986,3
1218,-7.350263999997846,112.71155899985033,2
1219,-7.359863999999188,112.76992799970296,4
1220,-7.320558999993694,112.75140599974972,2
1221,-7.327956999994728,112.68121399992694,3
1222,-7.293462999989907,112.76825199970719,3
1223,-7.249872999983814,112.69413299989432,2
1224,-7.30951099999215,112.68298399992247,4
1225,-7.313850999992757,112.70026799987883,4
1226,-7.324003999994176,112.73651499978732,2
1227,-7.325311999994359,112.75976599972861,1
1228,-7.359984999999205,112.75805999973292,1
1229,-7.3317719999952615,112.66399599997041,2
1230,-7.336148999995873,112.73360399979467,2
1231,-7.344645999997061,112.78114599967464,5
1232,-7.235315999981779,112.77695499968522,4
1233,-7.3402999999964536,112.70525999986623,5
1234,-7.307584999991881,112.71033799985341,3
1235,-7.3648029999998785,112.69799899988456,4
1236,-7.355849999998627,112.72947599980509,4
1237,-7.247960999983547,112.78501199966487,5
1238,-7.2505499999839085,112.72672199981204,5
1239,-7.295554999990199,112.73451199979237,4
1240,-7.346593999997333,112.67102399995267,2
1241,-7.287526999989077,112.77350699969392,5
1242,-7.316772999993165,112.69348199989597,2
1243,-7.33798699999613,112.76343599971935,1
1244,-7.274827999987302,112.76182599972341,2
1245,-7.338435999996193,112.78811199965705,1
1246,-7.34871799999763,112.7804849996763,2
1247,-7.246671999983366,112.68858599990833,4
1248,-7.25156299998405,112.66504499996776,4
1249,-7.230089999981049,112.7257089998146,2
1250,-7.231293999981217,112.6956479998905,4
1251,-7.333099999995447,112.68686699991267,5
1252,-7.236505999981945,112.75605899973797,4
1253,-7.300959999990955,112.6649109999681,1
1254,-7.298875999990663,112.71504799984152,4
1255,-7.2969739999903975,112.78693299966002,1
1256,-7.332428999995353,112.65349999999691,2
1257,-7.2684069999864045,112.75412499974286,2
1258,-7.232666999981409,112.78213599967214,4
1259,-7.256117999984687,112.71407099984398,4
1260,-7.236645999981965,112.73828499978285,5
1261,-7.27946099998795,112.75495699974076,3
1262,-7.346457999997314,112.71063899985265,2
1263,-7.330030999995018,112.77576199968823,2
1264,-7.289183999989309,112.76025499972738,3
1265,-7.3479329999975205,112.6563929999896,2
1266,-7.2633129999856925,112.76568499971367,2
1267,-7.229899999981022,112.79008799965206,3
1268,-7.345554999997188,112.7892009996543,4
1269,-7.243555999982931,112.78017999967707,4
1270,-7.353529999998303,112.65878699998356,3
1271,-7.240125999982451,112.78362199966838,1
1272,-7.330967999995149,112.78505799966476,2
1273,-7.29999899999082,112.66997699995531,3
1274,-7.317361999993247,112.76277499972102,2
1275,-7.316900999993183,112.74826399975765,4
1276,-7.349550999997747,112.66773599996097,3
1277,-7.336003999995853,112.7531189997454,3
1278,-7.357179999998813,112.72746799981016,1
1279,-7.357821999998903,112.70575399986498,5
1280,-7.318921999993465,112.7842909996667,5
1281,-7.227936999980748,112.7408379997764,1
1282,-7.270719999986728,112.66694399996297,3
1283,-7.338359999996182,112.70948199985557,1
1284,-7.29255299998978,112.77070799970099,3
1285,-7.243701999982951,112.746936999761,4
1286,-7.329058999994882,112.67207899995,3
1287,-7.22752599998069,112.7673749997094,5
1288,-7.283333999988491,112.73803499978348,5
1289,-7.3591439999990875,112.74475299976652,3
1290,-7.241389999982628,112.72558599981491,4
1291,-7.317361999993247,112.73919999978054,5
1292,-7.304204999991408,112.73114399980088,4
1293,-7.359137999999087,112.72094899982662,5
1294,-7.32003099999362,112.74933299975496,2
1295,-7.262310999985552,112.76898099970535,2
1296,-7.2309119999811635,112.77481799969061,2
1297,-7.234434999981656,112.66235999997454,1
1298,-7.271049999986774,112.72140999982545,5
1299,-7.2692509999865225,112.71231699984841,3
1300,-7.251450999984034,112.74409299976818,2
1301,-7.300939999990952,112.70865699985765,1
1302,-7.357105999998803,112.74779299975884,5
1303,-7.307029999991803,112.78424399966681,5
1304,-7.335114999995729,112.65661999998903,5
1305,-7.346733999997353,112.74710099976059,5
1306,-7.281435999988226,112.70561099986534,5
1307,-7.280273999988063,112.6850329999173,2
1308,-7.290276999989461,112.67945499993138,4
1309,-7.321625999993843,112.74639299976238,3
1310,-7.280877999988148,112.70478899986742,4
1311,-7.320333999993663,112.73589299978889,3
1312,-7.280716999988125,112.76612899971255,4
1313,-7.309176999992103,112.66965199995613,2
1314,-7.241303999982616,112.71908899983131,4
1315,-7.298965999990676,112.6875689999109,5
1316,-7.36195299999948,112.70694699986197,2
1317,-7.310603999992303,112.73256499979729,5
1318,-7.30378799999135,112.72755499980994,1
1319,-7.346750999997355,112.74771299975905,3
1320,-7.300869999990942,112.71726699983591,5
1321,-7.3627709999995945,112.72976699980435,5
1322,-7.229557999980974,112.77793899968273,2
1323,-7.30078399999093,112.67999399993002,2
1324,-7.236874999981997,112.73528199979043,4
1325,-7.351572999998029,112.76576199971348,2
1326,-7.245160999983155,112.71304799984657,1
1327,-7.344975999997107,112.68329499992169,2
1328,-7.311334999992405,112.7731979996947,2
1329,-7.354673999998463,112.73627599978792,3
1330,-7.336313999995896,112.69308599989697,4
1331,-7.335618999995799,112.72452499981759,3
1332,-7.240228999982466,112.77148299969903,2
1333,-7.328007999994735,112.76101299972547,1
1334,-7.341868999996673,112.70619699986386,1
1335,-7.22917099998092,112.69753399988574,4
1336,-7.327820999994709,112.76716099970994,3
1337,-7.324118999994192,112.76962099970373,4
1338,-7.318433999993397,112.69128199990152,2
1339,-7.2785229999878185,112.70506499986672,1
1340,-7.324868999994297,112.72390499981915,5
1341,-7.334746999995677,112.70430999986863,1
1342,-7.27037699998668,112.72198899982399,5
1343,-7.278268999987783,112.65845999998439,5
1344,-7.3423959999967465,112.76832999970699,4
1345,-7.3045429999914555,112.68502199991732,2
1346,-7.279142999987905,112.69017399990432,5
1347,-7.350382999997863,112.75554799973926,2
1348,-7.232679999981411,112.6683179999595,5
1349,-7.226931999980607,112.69518499989167,1
1350,-7.354272999998407,112.78942899965372,4
1351,-7.255891999984655,112.69780599988505,1
1352,-7.230082999981048,112.77460399969115,5
1353,-7.338356999996182,112.7812399996744,1
1354,-7.268455999986411,112.65490399999337,5
1355,-7.2834239999885035,112.74982099975372,4
1356,-7.25893399998508,112.71733699983574,2
1357,-7.287392999989058,112.75432399974235,1
1358,-7.364442999999828,112.72371399981964,2
1359,-7.362862999999607,112.65286099999852,3
1360,-7.33583699999583,112.66690599996306,5
1361,-7.26773199998631,112.69290099989743,2
1362,-7.248112999983568,112.69843399988346,3
1363,-7.330603999995098,112.76639599971188,4
1364,-7.277419999987664,112.70746599986066,1
1365,-7.337291999996033,112.78680599966034,1
1366,-7.351500999998019,112.69955299988064,5
1367,-7.302985999991238,112.7222609998233,1
1368,-7.273259999987083,112.7654369997143,3
1369,-7.282224999988336,112.78821699965678,5
1370,-7.281072999988175,112.67011299995497,1
1371,-7.239435999982355,112.70852599985798,2
1372,-7.28361399998853,112.76784299970822,5
1373,-7.3091529999921,112.7642459997173,3
1374,-7.320659999993708,112.67390499994539,5
1375,-7.278842999987863,112.68894299990743,1
1376,-7.251056999983979,112.76882899970573,3
1377,-7.333880999995556,112.71634299983825,4
1378,-7.351020999997952,112.72816799980839,1
1379,-7.3644739999998325,112.71707099983641,3
1380,-7.319799999993588,112.66987999995555,2
1381,-7.26329299998569,112.76906299970514,5
1382,-7.359943999999199,112.65510599999286,4
1383,-7.229912999981024,112.70260699987293,1
1384,-7.258635999985039,112.74416099976801,5
1385,-7.287662999989096,112.74204299977336,1
1386,-7.354959999998503,112.66521099996734,5
1387,-7.316431999993117,112.69129699990148,4
1388,-7.2336229999815425,112.71524299984102,2
1389,-7.25485399998451,112.6712089999522,2
1390,-7.286466999988929,112.71395199984428,5
1391,-7.237014999982017,112.66022999997992,3
1392,-7.28969299998938,112.7773989996841,5
1393,-7.318697999993434,112.72595199981399,1
1394,-7.352639999998178,112.67720799993705,2
1395,-7.353775999998337,112.66291199997315,2
1396,-7.343463999996896,112.67611199993982,3
1397,-7.234147999981616,112.72314699982107,5
1398,-7.277302999987648,112.68927299990659,5
1399,-7.291387999989617,112.70007899987931,2
1400,-7.232274999981354,112.71660299983759,3
1401,-7.2799969999880245,112.66133899997712,5
1402,-7.251373999984024,112.78365999966829,2
1403,-7.287210999989033,112.66798899996033,4
1404,-7.227824999980732,112.65479399999364,5
1405,-7.2494909999837605,112.75892899973073,5
1406,-7.354563999998447,112.71454999984277,1
1407,-7.235094999981748,112.65492199999332,2
1408,-7.297575999990482,112.72372099981962,4
1409,-7.3621989999995145,112.65859199998405,5
1410,-7.284010999988586,112.72272799982213,2
1411,-7.289591999989366,112.70024699987889,5
1412,-7.256218999984701,112.6561189999903,3
1413,-7.323416999994094,112.68485799991774,2
1414,-7.253407999984308,112.74651499976207,1
1415,-7.337112999996008,112.71200799984919,3
1416,-7.293996999989981,112.74962699975421,5
1417,-7.271868999986888,112.7249549998165,5
1418,-7.236654999981966,112.782585999671,1
1419,-7.3428039999968036,112.6580599999854,5
1420,-7.289954999989416,112.76561799971384,1
1421,-7.253767999984358,112.71551699984033,2
1422,-7.362058999999495,112.66784699996069,2
1423,-7.238655999982246,112.72415799981852,2
1424,-7.259271999985128,112.68993199990493,4
1425,-7.353575999998309,112.68611599991456,5
1426,-7.236412999981932,112.6726319999486,2
1427,-7.256076999984681,112.78464999966579,2
1428,-7.240931999982564,112.7573549997347,1
1429,-7.344474999997037,112.69437599989371,1
1430,-7.361542999999423,112.71986499982935,3
1431,-7.303993999991379,112.76050399972675,5
1432,-7.35644199999871,112.72799099980884,4
1433,-7.34714099999741,112.6846329999183,4
1434,-7.357470999998854,112.68903699990719,5
1435,-7.233198999981483,112.7275729998099,1
1436,-7.255166999984554,112.76628599971215,5
1437,-7.252856999984231,112.78718799965938,4
1438,-7.256202999984699,112.75565999973898,4
1439,-7.308327999991985,112.69064699990312,3
1440,-7.302044999991106,112.66421299996986,2
1441,-7.290058999989431,112.7783099996818,5
1442,-7.276565999987545,112.66903599995769,5
1443,-7.265218999985959,112.67850299993378,3
1444,-7.300337999990868,112.76571799971359,1
1445,-7.299702999990779,112.75398199974322,3
1446,-7.255418999984589,112.7514909997495,1
1447,-7.345338999997158,112.70644699986323,3
1448,-7.30908499999209,112.75079599975126,5
1449,-7.327712999994694,112.76062599972644,4
1450,-7.301464999991025,112.68808799990958,1
1451,-7.353061999998237,112.71619999983861,2
1452,-7.2803829999880785,112.77207199969754,5
1453,-7.2626839999856045,112.76042599972695,1
1454,-7.308681999992034,112.78859299965583,3
1455,-7.328695999994832,112.76618199971242,5
1456,-7.262900999985635,112.66739199996184,1
1457,-7.2644789999858554,112.71478699984218,4
1458,-7.350605999997894,112.75806099973292,2
1459,-7.268097999986361,112.71223899984861,1
1460,-7.346490999997319,112.66194999997558,5
1461,-7.2759119999874535,112.6947359998928,1
1462,-7.228960999980891,112.66024999997987,1
1463,-7.270082999986639,112.6821409999246,3
1464,-7.35272199999819,112.7116509998501,1
1465,-7.320379999993669,112.7515359997494,3
1466,-7.27731999998765,112.6845189999186,1
1467,-7.242285999982753,112.7245979998174,2
1468,-7.227256999980653,112.66841799995925,5
1469,-7.228126999980774,112.78152599967368,3
1470,-7.327553999994672,112.67456399994373,3
1471,-7.236318999981919,112.72534099981553,4
1472,-7.343786999996941,112.71280699984717,2
1473,-7.35866399999902,112.78558299966343,2
1474,-7.325263999994352,112.66418299996994,2
1475,-7.268942999986479,112.74580299976387,5
1476,-7.2465009999833425,112.69387099989498,1
1477,-7.244013999982995,112.6796439999309,2
1478,-7.24340699998291,112.76922899970472,2
1479,-7.319790999993587,112.6899449999049,2
1480,-7.261374999985422,112.75322999974512,5
1481,-7.270104999986642,112.76207699972278,1
1482,-7.3259049999944414,112.66419299996991,5
1483,-7.335914999995841,112.67101499995269,3
1484,-7.261238999985403,112.72648799981263,3
1485,-7.233624999981543,112.7703469997019,5
1486,-7.2961869999902875,112.7282039998083,2
1487,-7.315672999993011,112.69384699989504,3
1488,-7.335532999995787,112.73040299980275,1
1489,-7.274417999987245,112.69006599990459,5
1490,-7.349797999997781,112.7543459997423,5
1491,-7.341137999996571,112.78132999967417,3
1492,-7.273774999987155,112.7340639997935,3
1493,-7.2506359999839205,112.65979099998103,3
1494,-7.3503229999978545,112.7309759998013,5
1495,-7.255273999984569,112.79019799965178,1
1496,-7.315484999992985,112.76854699970644,1
1497,-7.2528039999842235,112.65712499998776,4
1498,-7.2926169999897885,112.71643699983801,4
1499,-7.274972999987322,112.68219699992446,2
